all_american,min,max,mean,std,mean_three_recent,mean_three_best,mean_three_worst,percent_diff_recent_best,percent_diff_recent_worst,no_mark_rate,count,year
0,0.8794111716071787,0.9607843137254902,0.9200980172635744,0.0207422327766266,0.9200980172635744,0.9476314645806172,0.8807169295612863,0.0294833353381092,0.0437369622811311,0.0,0.4027777777777778,0.75
0,0.6963480285173869,0.8469372908482468,0.7749994803683149,0.0516199483077173,0.774999480368315,0.7935399388913138,0.7283088413599108,0.0236404113219547,0.0621171829272227,0.125,0.06944444444444445,0.25
0,0.7983193277310925,0.9201680672268908,0.8766315036652959,0.0228868887408241,0.8766315036652957,0.907563025210084,0.8277310924369748,0.0346728129071052,0.0573826383425122,0.0208333333333333,0.625,1.0
0,0.8366533864541832,0.9009675583380764,0.8821855435401252,0.0218858480613466,0.8821855435401252,0.8952760387023335,0.8656801365964713,0.0147294268331732,0.0188863562357538,0.0,0.05555555555555555,0.25
1,0.9319433161837712,0.9705771761609324,0.9545273382802816,0.0101456862868599,0.9545273382802816,0.9616280152742852,0.9417203005353808,0.0074113792295925,0.0135077692203744,0.0,0.125,0.75
0,0.8818454613653414,0.9655030800821356,0.9393036688376736,0.0204514764734496,0.9393036688376736,0.9627354627354628,0.9006208651187556,0.0246386033902565,0.0420482503548527,0.0,0.3055555555555556,1.0
0,0.5777777777777778,0.8014590347923681,0.7123456790123457,0.063029026948858,0.7123456790123458,0.7618406285072952,0.5893752338196783,0.0671488389798247,0.1889351918379078,0.0,0.2361111111111111,1.0
1,0.8666666666666667,0.9333333333333332,0.8958333333333334,0.0206847643719763,0.8958333333333334,0.925,0.8694444444444445,0.0320366132723111,0.029897718332022,0.1,0.2361111111111111,0.5
0,0.8516666666666667,0.905,0.8732051282051282,0.0171656086305764,0.8732051282051282,0.8866666666666667,0.8544444444444445,0.0152983171851097,0.0217181586563435,0.0714285714285714,0.1527777777777778,1.0
1,0.8529411764705882,0.9285714285714286,0.897358943577431,0.0233360001140591,0.897358943577431,0.9243697478991598,0.8557422969187675,0.0296540362438222,0.0474777448071216,0.0,0.3472222222222222,1.0
0,0.7666666666666666,0.9266666666666666,0.8824691358024692,0.0423592954166945,0.8824691358024691,0.925,0.7822222222222223,0.0470612342474641,0.120439038860872,0.0357142857142857,0.3472222222222222,0.75
0,0.937163037965172,0.9598830161814788,0.9481243080716218,0.0103743457160716,0.9481243080716218,0.9428663226928238,0.9407278092085232,0.0055610908835359,0.0078317394945129,0.0,0.027777777777777776,0.25
0,0.8948691280984573,0.966217480816021,0.9444999780863906,0.015844709497654,0.9444999780863906,0.957614542756446,0.9106662348705664,0.0137894585487357,0.0364751610713051,0.0666666666666666,0.375,1.0
0,0.9192634560906516,0.9544117647058824,0.9352445811277056,0.0113442839031799,0.9352445811277056,0.9516129032258064,0.9225367236546608,0.0173498234327,0.0136806818330356,0.0,0.18055555555555555,0.75
1,0.6986363636363636,0.924090909090909,0.8428439803439803,0.0529831822157406,0.8428439803439804,0.920909090909091,0.7145454545454545,0.0885215871058964,0.1647610070086733,0.0133333333333333,1.0,1.0
0,0.75,0.9083333333333332,0.8441428571428571,0.0406691807093589,0.8441428571428571,0.8916666666666666,0.7638888888888888,0.0547569406342587,0.0998163978441553,0.2222222222222222,0.5833333333333334,0.75
1,0.8445378151260504,0.9285714285714286,0.8957712117104907,0.0209359915875701,0.8957712117104906,0.9243697478991598,0.8571428571428571,0.0314245290043937,0.0440733008582695,0.03125,0.4027777777777778,0.5
1,0.8697478991596639,0.9663865546218487,0.921685340802988,0.0183876161980515,0.921685340802988,0.9453781512605044,0.8837535014005602,0.0253797587047571,0.0420195229168014,0.0769230769230769,0.5,1.0
0,0.8018332605848973,0.8517386876182161,0.8277830556054809,0.0127166202419172,0.8277830556054809,0.8441728502837189,0.8128910228430088,0.0196055345963461,0.0181535540276893,0.0555555555555555,0.20833333333333334,0.5
0,0.9218164794007492,0.96142578125,0.9513879794013964,0.013994392270243,0.9513879794013964,0.9586173320350536,0.9403446953550548,0.0075699817067211,0.0116753114155131,0.0,0.05555555555555555,0.25
1,0.786786557951688,0.9831460674157304,0.9107984290284372,0.0474008685011762,0.9107984290284372,0.974608268831414,0.8121038183445429,0.0676881437574271,0.114567858779429,0.0,0.4305555555555556,0.75
0,0.8013659647125783,0.9271485486624929,0.8820879746320839,0.0254803674644251,0.8820879746320839,0.9100739897552648,0.828495541642952,0.0312315691096008,0.062659826286453,0.0277777777777777,0.4583333333333333,1.0
0,0.7940503432494279,0.911899313501144,0.8674675819984744,0.0399277089274393,0.8674675819984743,0.8993135011441648,0.8066361556064073,0.0360496492174853,0.072673425219273,0.0,0.125,1.0
0,0.8317707411993632,0.9437976716178242,0.8821707803760762,0.0338951866624437,0.8821707803760762,0.930720506730008,0.8429212467250066,0.0535605490513792,0.0455042780726616,0.0,0.16666666666666666,1.0
1,0.9108872530027122,0.9826541274817138,0.942175966593352,0.0203738532048051,0.9421759665933522,0.962341383544822,0.9117119434042542,0.021176406662829,0.0328650109047179,0.0,0.20833333333333334,0.5
0,0.8809123703255585,0.9962245027239328,0.9530947883501604,0.0323525606461175,0.9530947883501604,0.9731321856861752,0.9026811494960166,0.0208048143921762,0.0543316009503325,0.0,0.1527777777777778,1.0
1,0.8792952636012181,0.981881654949534,0.9476366545159228,0.0296208199374332,0.9476366545159228,0.9589054808394376,0.918697231825042,0.0118212192791788,0.0310120529908158,0.0,0.08333333333333333,1.0
1,0.8996590467037369,0.9712810504341812,0.9523280391713872,0.0351266575670816,0.9523280391713872,0.9690785176421292,0.946010368750456,0.0174356420418604,0.0066560002100441,0.0,0.013888888888888888,1.0
0,0.8940139401394014,0.9652501106684374,0.926855647223912,0.0196743248428384,0.926855647223912,0.943939393939394,0.8943195608574163,0.0182636219784489,0.0357308689708924,0.0,0.25,0.75
0,0.9145378541569904,0.9675675675675676,0.9456466541121036,0.0138574975172423,0.9456466541121036,0.9623655913978496,0.9198224399872884,0.0175249790194898,0.0276865633491319,0.0666666666666666,0.375,0.75
0,0.865546218487395,0.96218487394958,0.9080882352941178,0.0206328321799595,0.9080882352941178,0.9327731092436976,0.8781512605042017,0.0268188302425107,0.0335195530726258,0.0769230769230769,0.3194444444444444,0.75
1,0.65,0.92,0.8097648902821317,0.0589548944603181,0.8097648902821317,0.8922727272727272,0.6662121212121211,0.0969518371857444,0.1945189768568011,0.0,0.7638888888888888,1.0
1,0.748260381593715,0.9109988776655444,0.8211522633744857,0.0551792932044182,0.8211522633744858,0.8689113355780023,0.7518518518518519,0.0565174851799871,0.0881121808287988,0.0,0.16666666666666666,0.5
0,0.5993016150152771,0.8088171104321257,0.734073288852861,0.0697875193201378,0.734073288852861,0.8025607449439837,0.6294679664387215,0.0891395798671698,0.1534318408162436,0.0666666666666666,0.16666666666666666,0.5
0,0.9160447761194028,0.9722772277227724,0.946481160730014,0.0156281003137087,0.946481160730014,0.9684418145956608,0.9189113720974218,0.0229363312766268,0.0295592355468515,0.0384615384615384,0.3194444444444444,1.0
0,0.894593366651522,0.964250734573947,0.9301051803579976,0.0213921127946993,0.9301051803579976,0.9581508515815086,0.9047937567562562,0.0297053691333417,0.0275889021349029,0.0,0.1527777777777778,1.0
0,0.7371247254088358,0.8568464730290456,0.8032435657527188,0.0313894327800477,0.8032435657527189,0.845374664388577,0.7577495728581889,0.0511108003849347,0.0582885238496488,0.0,0.20833333333333334,0.25
0,0.9032707028531664,0.9530102790014684,0.9377507104891122,0.0154545368718488,0.9377507104891122,0.9460641399416908,0.9234090694672292,0.0088261640475735,0.0154115097224154,0.0,0.06944444444444445,0.25
0,0.8546910755148741,0.934782608695652,0.8885256619810394,0.0304718746951969,0.8885256619810395,0.8901601830663616,0.8615560640732265,0.0018378974453225,0.0308209582516111,0.125,0.06944444444444445,0.25
1,0.5440240657179221,0.947983870967742,0.904933038756956,0.0710628675388619,0.904933038756956,0.9436082681115796,0.7646388887194409,0.0418440520760017,0.1680600251222161,0.0,0.375,1.0
0,0.8180778032036613,0.911899313501144,0.8616440767470516,0.0238365589197269,0.8616440767470516,0.8924485125858124,0.8226544622425629,0.0351229302558956,0.0462977478183623,0.025,0.5138888888888888,1.0
0,0.8036425725668753,0.9123505976095618,0.8560045532157087,0.0331470222981371,0.8560045532157087,0.8844621513944223,0.8176816543350407,0.0327011118378023,0.0457946043980958,0.0,0.125,1.0
0,0.719191037392696,0.8316601193074348,0.7764713371162519,0.032754346729691,0.7764713371162519,0.8124545322275571,0.7293273194626315,0.0452924781521311,0.0626166286543644,0.0,0.18055555555555555,0.5
0,0.81,0.9490909090909092,0.8582509881422924,0.0313528699704488,0.8582509881422926,0.9118181818181816,0.8131818181818183,0.0605255371767028,0.0539287846809617,0.0,0.5972222222222222,0.75
1,0.9646365422396858,1.0030643513789583,0.9744303199643566,0.0114250516436591,0.9744303199643564,0.9742063492063492,0.9668553471881368,0.0002298743132063,0.0078040784047312,0.0,0.08333333333333333,0.25
0,0.931087123074636,0.9554511212025204,0.9436122523108772,0.0121964878608275,0.9436122523108772,0.931087123074636,0.9436122523108772,0.0133622802681795,0.0,0.0,0.0,1.0
0,0.897205645759405,0.9697597553154752,0.9489367912924772,0.0216095068599042,0.9489367912924772,0.964419314878638,0.9233383141448552,0.0161836299434541,0.0273447818360459,0.0,0.09722222222222222,1.0
0,0.8318548656039485,0.974908152896115,0.9203209075069406,0.0407635976910345,0.9203209075069406,0.9641124746352304,0.8523714056601431,0.0464771719109631,0.0766624882864181,0.0476190476190476,0.25,1.0
0,0.775,0.8966666666666666,0.8488596491228071,0.0343145068464776,0.8488596491228071,0.8849999999999999,0.7944444444444444,0.0416877466356367,0.0662265795982279,0.1363636363636363,0.2638888888888889,0.5
1,0.8381818181818183,0.9881818181818182,0.9322558922558924,0.0354063492359317,0.932255892255892,0.979090909090909,0.8572727272727273,0.0490073458171121,0.0838021411503507,0.0,0.7083333333333334,1.0
0,0.9191708889912482,0.9621229653629562,0.9396633487705844,0.0183266606528353,0.9396633487705844,0.94900036142974,0.9235694483669912,0.0098874274003657,0.017275243789523,0.0,0.041666666666666664,0.5
0,0.7163860830527498,0.801571268237935,0.7720763187429854,0.0333134314630799,0.7720763187429854,0.7860830527497196,0.7569023569023571,0.0179785640198226,0.0198484937459625,0.0,0.027777777777777776,0.25
0,0.9334805306588329,0.9554159644553394,0.9450742116729636,0.0096228096254712,0.9450742116729636,0.9414784200494444,0.9416269607455052,0.0038120236489096,0.0036542627712894,0.0,0.013888888888888888,0.75
0,0.9241232550221314,0.9573102268518792,0.9447060509688257,0.0150558398322894,0.9447060509688257,0.9429643483749182,0.9405046590078078,0.0018453460885046,0.0044572120652443,0.0,0.013888888888888888,0.5
0,0.7877063175867957,0.9391007398975526,0.9031128234315486,0.0365737555506981,0.9031128234315486,0.9197495731360272,0.8622652248150255,0.0182534345278123,0.0462763187262854,0.0,0.1388888888888889,0.75
0,0.8445378151260504,0.9369747899159664,0.9033613445378152,0.0273685789079904,0.9033613445378152,0.9369747899159664,0.8515406162464986,0.0365296803652967,0.0590582601755786,0.0444444444444444,0.5833333333333334,0.75
0,0.7892360263607519,0.8367097876494997,0.8116609714425189,0.0144184557454814,0.8116609714425189,0.8301195997071027,0.7925718005044341,0.0224861087881659,0.023798505144509,0.0,0.18055555555555555,0.5
0,0.5368562362704419,0.8365877471320479,0.7036856236270442,0.0785800160490074,0.7036856236270442,0.7875274591164267,0.5827434708323164,0.1124478271544316,0.1880277013566075,0.1739130434782608,0.2777777777777778,1.0
1,0.4752257749572858,0.8733219428850378,0.7358624777711915,0.1259812370308632,0.7358624777711916,0.8583109592384671,0.5093157594988202,0.1536200248035291,0.3638783773944897,0.0277777777777777,0.4583333333333333,1.0
1,0.9021058622652248,0.9823562891291976,0.9497520123587284,0.0247951239942658,0.9497520123587284,0.9692657939669892,0.9119711629671792,0.020337259554275,0.0405869679147497,0.0,0.1527777777777778,0.5
0,0.9194304641459112,0.9655764365739068,0.9519397410627606,0.0160919465580627,0.9519397410627606,0.9624893051740444,0.9387605017853085,0.0110211074492637,0.0139411197806793,0.0,0.05555555555555555,0.75
1,0.947876447876448,0.9849548645937812,0.9677781868065596,0.0095732095688803,0.9677781868065596,0.9790628115653042,0.9537429967411972,0.0115927543833131,0.0146084156506135,0.0,0.2222222222222222,0.5
1,0.9493731918997108,0.988453815261044,0.968610670944021,0.0095796728654696,0.9686106709440212,0.981555333998006,0.9510569977914252,0.0132754473426171,0.0182882416977507,0.037037037037037,0.3333333333333333,0.5
0,0.7916666666666666,0.8966666666666666,0.8587719298245614,0.031055715092331,0.8587719298245614,0.8916666666666666,0.8066666666666666,0.0375845652718616,0.0625724217844728,0.05,0.2361111111111111,0.75
0,0.9160447761194028,0.9849548645937812,0.9450475871876954,0.0179057476676549,0.9450475871876955,0.9703557312252964,0.9203638938645402,0.0264259164577097,0.0264646096305057,0.0,0.2638888888888889,1.0
0,0.7677272727272727,0.9131818181818182,0.8512987012987013,0.0415632074793353,0.8512987012987013,0.9059090909090908,0.7698484848484849,0.0621558700713202,0.1004846656074341,0.0232558139534883,0.5555555555555556,1.0
0,0.7165720936999854,0.8331150880256074,0.7845455868153379,0.0358798836681141,0.784545586815338,0.8035792230467044,0.7378631359425771,0.0239699501111877,0.0613270932764933,0.1538461538461538,0.1388888888888889,0.5
0,0.8841961852861036,0.9474452554744528,0.9298139880836624,0.0177419826071219,0.9298139880836624,0.943313953488372,0.8929611661980354,0.0144143548394027,0.040435949326015,0.0952380952380952,0.25,0.75
0,0.7013468013468014,0.7629629629629631,0.7315251278214242,0.0231920608169923,0.7315251278214242,0.7520763187429855,0.706771417882529,0.0277044633100782,0.0344208710127714,0.0,0.08333333333333333,0.5
1,0.7799999999999999,0.9666666666666668,0.9005147058823529,0.0383179261195234,0.900514705882353,0.9583333333333334,0.8072222222222223,0.0622090953442068,0.109258612523741,0.0,0.9027777777777778,1.0
1,0.7357776807798632,0.90455405208788,0.8244842135894078,0.0428001935010052,0.8244842135894078,0.8856394587516367,0.7514428439788544,0.0715214298840872,0.0926963837060581,0.0384615384615384,0.3194444444444444,0.75
1,0.9147286821705428,0.969380134428678,0.9461424094851714,0.0147508833617396,0.9461424094851716,0.9607698001480386,0.9254446016020252,0.0153414410888696,0.0221179221276205,0.0625,0.18055555555555555,1.0
0,0.941606725721026,0.9627547310359506,0.951949737512349,0.0089535485372599,0.951949737512349,0.9488320874434106,0.948348073004482,0.0032803870786284,0.0037906316451394,0.0,0.013888888888888888,1.0
0,0.8914939242315939,0.97781262250098,0.9372074213018624,0.0295631976613097,0.9372074213018624,0.9658296710742842,0.8986590579092938,0.0300806010424987,0.0419947352697807,0.0,0.125,0.5
0,0.8990439770554495,0.9355352168722644,0.916623515882052,0.0128268027115793,0.916623515882052,0.9248623131392604,0.9012871075587308,0.0089479887679473,0.016872565818768,0.0,0.09722222222222222,0.75
1,0.734352773826458,0.970942260673312,0.9189832147663012,0.0519789353943772,0.9189832147663012,0.9647729396374508,0.7933123664416617,0.0486153420272625,0.1467863956478626,0.131578947368421,0.4861111111111111,0.75
0,0.9214636323070058,0.9603757789973026,0.9470280138543956,0.0100327885402905,0.9470280138543956,0.9582366589327146,0.9306450664261215,0.0117659716662068,0.0174502660770174,0.0,0.2361111111111111,0.5
0,0.7416666666666667,0.91,0.8505925925925926,0.0364094898890974,0.8505925925925926,0.9083333333333332,0.7783333333333333,0.0656545450716978,0.0887201291466769,0.0625,0.625,0.75
1,0.7908225530876251,0.8849157920429583,0.8463509885281914,0.0280871551401359,0.8463509885281914,0.8713692946058093,0.7994467496542187,0.0291296625222026,0.056998788837531,0.0,0.19444444444444445,0.5
1,0.8823529411764707,0.9789915966386556,0.9301194161875276,0.0214560762908167,0.9301194161875276,0.9663865546218487,0.8949579831932774,0.0382462686567166,0.0385314431115955,0.0,0.4861111111111111,1.0
1,0.7087542087542088,0.8350168350168351,0.7970632248410027,0.0450293349101541,0.7970632248410027,0.8139169472502806,0.7708567153011598,0.0209235628113279,0.0334283771369942,0.0,0.041666666666666664,0.75
0,0.8878842676311031,0.9751737835153924,0.9410934502570816,0.0222642495708102,0.9410934502570816,0.9684418145956608,0.9012946874799208,0.0286440002884031,0.0432034509580002,0.0,0.3333333333333333,1.0
0,0.3629493087557603,0.9825349301397208,0.914219113795525,0.1121614077611753,0.9142191137955252,0.9600195026816188,0.7199647935046071,0.0488735943048499,0.2377386283430602,0.0,0.3333333333333333,1.0
1,0.7963386727688787,0.9107551487414188,0.8647398268828972,0.0325378273662734,0.8647398268828973,0.8981693363844393,0.8054919908466819,0.0379253908234097,0.0709456440804171,0.0416666666666666,0.2916666666666667,0.5
0,0.7990893568582811,0.9134889015367104,0.8570886521939453,0.0341827309254184,0.8570886521939455,0.8935685828116107,0.8011762473913868,0.0416756974331978,0.0674348287979082,0.0454545454545454,0.2638888888888889,0.5
1,0.9195886933700468,0.9831646734130636,0.9558288008107876,0.0257112131624202,0.9558288008107876,0.9793804985337244,0.9296888878233206,0.0243402072643141,0.0277270408493521,0.0,0.06944444444444445,0.25
0,0.9387737174982432,0.9830290208342916,0.9648799033393176,0.0146897645647964,0.9648799033393176,0.9728720983158854,0.951006829040197,0.0082489348169847,0.0144821445492139,0.1111111111111111,0.08333333333333333,0.5
1,0.9289511613070908,0.9688516510596352,0.9528617077662256,0.0142654525489899,0.9528617077662256,0.956081902631195,0.9427397939947378,0.0033737977878759,0.0106793688041339,0.0,0.041666666666666664,1.0
0,0.7969245789602147,0.9708323163290212,0.8522681045258541,0.0309424779365481,0.8522681045258541,0.8872345618745424,0.8058335367341959,0.0402028212133131,0.0560093140687937,0.0,0.4166666666666667,1.0
0,0.8183333333333334,0.9683333333333332,0.928695652173913,0.0293655400706217,0.9286956521739133,0.9616666666666666,0.8561111111111112,0.0348832751945411,0.0813360219783194,0.0612244897959183,0.6388888888888888,0.75
0,0.9113897596656216,0.9753970029076268,0.9440933387506696,0.016142089121124,0.9440933387506696,0.965036512502766,0.919823132122129,0.0219400202017125,0.0260421612318023,0.0,0.2916666666666667,0.75
0,0.9177188552188552,0.9789001122334456,0.9501228810579128,0.0133433069072015,0.9501228810579126,0.9680355160932298,0.9213461714810252,0.0186769091248366,0.0307530702020931,0.0,0.5833333333333334,1.0
1,0.948928157038784,1.0,0.9683987697857128,0.0163600541502808,0.9683987697857128,0.9743179110598988,0.9504252705120751,0.0060936742166744,0.018733869178383,0.0,0.09722222222222222,0.5
1,0.8320512820512821,0.9629080118694362,0.9384616525722652,0.0232246022680187,0.9384616525722652,0.9614814814814816,0.8829522149910499,0.0242321241058419,0.0609520313529572,0.0,0.4722222222222222,1.0
0,0.8382290336313326,0.9661432777232584,0.9295374546090032,0.0297477047158631,0.9295374546090032,0.9647231749142576,0.8750307317162168,0.0371498195727267,0.0604097127565821,0.0,0.25,0.75
0,0.8826731743945936,0.9336775218427324,0.9144785230563875,0.015073192795895,0.9144785230563875,0.9290654020944478,0.8891060711288176,0.0158248239589589,0.0281355828935015,0.0,0.19444444444444445,0.5
1,0.8978613106180847,0.9864017261277536,0.9501291324228808,0.024083756514161,0.9501291324228808,0.9727108538063782,0.9114547703697576,0.023487884114352,0.0415499532361727,0.0,0.19444444444444445,1.0
0,0.796812749003984,0.9095048377916904,0.8705826046463496,0.0290536551894039,0.8705826046463497,0.9015367103016504,0.7992790741794725,0.0349345615661427,0.0854005231343651,0.0,0.5694444444444444,0.75
0,0.6927019770563827,0.8173053453746644,0.7696668293873566,0.0380921460599841,0.7696668293873566,0.803270685867708,0.7012854934504923,0.0427275160703408,0.0929755980193008,0.0,0.2361111111111111,1.0
0,0.7267115600448935,0.842199775533109,0.7657527657527659,0.0387952038275651,0.7657527657527657,0.7644219977553312,0.7385708941264496,0.0017393673313284,0.0361383289397955,0.0,0.05555555555555555,0.75
0,0.861344537815126,0.915966386554622,0.8922569027611045,0.0168557093828869,0.8922569027611047,0.907563025210084,0.8697478991596639,0.0170085042521258,0.0255493101686257,0.0,0.1527777777777778,1.0
0,0.7517162471395881,0.88558352402746,0.8314263920671243,0.0390423646656291,0.8314263920671243,0.8638443935926773,0.7723112128146452,0.0382452193475815,0.0737217598097504,0.0,0.16666666666666666,0.5
0,0.7183333333333333,0.8816666666666667,0.8073809523809524,0.0452196630590151,0.8073809523809523,0.8683333333333333,0.7272222222222222,0.0727479397556124,0.1044683491932146,0.2222222222222222,0.5833333333333334,0.75
0,0.8744812399424071,0.957081942899518,0.9160685742332492,0.0258552766985793,0.9160685742332492,0.9558415108313274,0.8786052936128522,0.0424944947040083,0.0417494022636646,0.0,0.4027777777777778,0.75
0,0.6249090644551142,0.8469372908482468,0.7707502788690043,0.043540849712966,0.7707502788690042,0.8242397788447547,0.6846112808574615,0.0670718914103099,0.1183747054961826,0.0,0.375,1.0
0,0.8857149293743947,0.9599453078265966,0.9318696130868884,0.0306354191891628,0.9318696130868884,0.9524917024008528,0.9068866874874008,0.0218876169283138,0.0271737212720193,0.25,0.06944444444444445,0.75
0,0.911136604306389,0.972863469330067,0.947537447640506,0.0135807809905645,0.947537447640506,0.9607332278775472,0.9239833833803052,0.0138300927707322,0.0251710415078345,0.0,0.2916666666666667,0.5
1,0.8844047860474549,0.9719188767550704,0.930996314536687,0.0240876974918509,0.930996314536687,0.9590939080712558,0.8958021786488332,0.0297314839244021,0.0385309447310559,0.0,0.2222222222222222,0.5
0,0.905815132245876,0.9775479251100226,0.9580800982466128,0.0230476259662196,0.9580800982466128,0.9707774170051484,0.9370617605771258,0.0131656368167539,0.0221812816508971,0.0,0.06944444444444445,0.5
1,0.9431500304056988,0.9795899953080448,0.9611878139942154,0.0182227152147453,0.9611878139942154,0.9431500304056988,0.9611878139942154,0.0189438902782509,0.0,0.0,0.0,0.5
0,0.9344488282549792,0.9595587338003077,0.9469290203081032,0.0087274932375363,0.9469290203081032,0.949650366541467,0.939155561318946,0.0028697414431822,0.0082429590537782,0.125,0.06944444444444445,1.0
0,0.9192251028736896,0.942740534907954,0.9329459803475922,0.0098675282641236,0.932945980347592,0.9345924727109948,0.9296811288274716,0.0017632754610284,0.0035056415790774,0.0,0.013888888888888888,0.5
0,0.919460257221168,0.9732202633340772,0.9518308368671008,0.0100899153494441,0.9518308368671008,0.9661054497120072,0.9323927735225932,0.0148853879503651,0.0206324379307479,0.0277777777777777,0.4583333333333333,0.75
0,0.892004005149478,0.9609368980661068,0.9312776829355034,0.0192794274065656,0.9312776829355034,0.951226022956946,0.9037452830459116,0.0211934138126816,0.0300076897128823,0.0,0.1527777777777778,1.0
1,0.9186128803963198,0.9840788476118272,0.9513569107177304,0.0175266246969397,0.9513569107177304,0.969380134428678,0.9212272269280898,0.0187669871380794,0.0321797917475891,0.0454545454545454,0.2638888888888889,0.75
1,0.9465479828174128,0.9739804055593532,0.9573753336012828,0.0104978136422856,0.9573753336012828,0.9644436422705532,0.9469116044763274,0.0073558527187127,0.0109896559344346,0.1818181818181818,0.1111111111111111,0.5
1,0.875,0.95,0.9027777777777778,0.0231717091422959,0.9027777777777778,0.925,0.8755555555555555,0.0243161094224923,0.0306154326772883,0.1818181818181818,0.2638888888888889,0.5
0,0.942556247008138,0.976686507936508,0.9579332155997924,0.0109087372983275,0.9579332155997924,0.9680432645034416,0.9436117177474438,0.0104986213571075,0.0150630128178341,0.0,0.1527777777777778,1.0
0,0.6819221967963387,0.8901601830663616,0.8103070175438596,0.0522255311080503,0.8103070175438596,0.8718535469107551,0.7219679633867276,0.0731755703556752,0.115304439812078,0.0,0.2916666666666667,0.75
1,0.918127147766323,0.9856582891399586,0.9504693293946272,0.0206843553918275,0.9504693293946272,0.9722083238571754,0.92177731603814,0.0226132492108402,0.0306498221550878,0.0,0.18055555555555555,1.0
1,0.9205236091631605,0.9771712158808934,0.9539656884040606,0.0195763088140842,0.9539656884040608,0.968996062992126,0.9256147075785728,0.0156325257922081,0.030167351059933,0.0,0.1111111111111111,0.25
0,0.958048780487805,0.9790628115653042,0.9675321656584028,0.0070217331572594,0.9675321656584028,0.9693978282329712,0.9608653444257552,0.0019264119823145,0.006914364074611,0.0,0.06944444444444445,0.25
1,0.9358365019011408,0.980577689243028,0.9640571030247992,0.0171723467045157,0.9640571030247992,0.9781420765027324,0.9410851652431246,0.0145041493441053,0.0241157189825615,0.0909090909090909,0.1111111111111111,0.25
0,0.8136185072020952,0.9132838643969154,0.8705805325185508,0.0299839091466187,0.8705805325185508,0.8918958242397788,0.8352975411028662,0.0241878895447227,0.0413663695679986,0.0,0.09722222222222222,1.0
0,0.9169000933706816,0.9780876494023906,0.9490791119478575,0.0145982638128277,0.9490791119478575,0.967487684729064,0.9250162991941968,0.0192099464658621,0.025679389224903,0.0,0.3194444444444444,0.75
0,0.901969766376546,0.9651960784313728,0.9348062563774796,0.0148015342858041,0.9348062563774796,0.9590842669264492,0.9117682297033416,0.0256382407010687,0.0249521769609562,0.0333333333333333,0.375,0.75
0,0.7664144495972662,0.8633146204539907,0.8177477422504271,0.028310134049186,0.8177477422504271,0.8553819868196242,0.7797575461719957,0.0449866425959865,0.0475619033674032,0.0,0.18055555555555555,0.75
0,0.7291920917744692,0.831095923846717,0.773880457723729,0.0254038085755606,0.7738804577237289,0.812179643641689,0.7330160279879587,0.0482947473238736,0.0542365452746682,0.0,0.4305555555555556,1.0
0,0.940019625952436,0.9548852781996328,0.9461512839865382,0.0077669826428939,0.9461512839865384,0.940019625952436,0.9461512839865384,0.0065016992911854,0.0,0.0,0.0,0.75
0,0.8109243697478992,0.9243697478991598,0.8682472989195679,0.0322881896098187,0.8682472989195679,0.915966386554622,0.8207282913165267,0.0534903280067283,0.0562696203281406,0.0,0.3472222222222222,0.5
0,0.852589641434263,0.9157655093910074,0.8841119040322227,0.0180932124066423,0.8841119040322228,0.9038133181559476,0.8613166382090686,0.0220382976639403,0.0261199645490878,0.0,0.1388888888888889,0.75
0,0.8956190476190476,0.93908528060715,0.918180839355278,0.0128516766961713,0.918180839355278,0.9333068678046844,0.8986486120152383,0.0163393236594678,0.0215014428848076,0.0,0.3055555555555556,0.75
0,0.901744719926538,0.9879275653923542,0.9566238711242436,0.0219657903404367,0.9566238711242436,0.9810189810189812,0.9190669892205888,0.0251801923845294,0.0400459187573695,0.0,0.2361111111111111,0.5
0,0.9119962945808244,0.9699507389162562,0.9461036819024256,0.0177286085537351,0.9461036819024252,0.9670923379174854,0.9212942886302036,0.0219409363155958,0.0265710830403715,0.0,0.1388888888888889,0.5
0,0.9397129186602872,0.9771144278606964,0.9580166463658591,0.0094869258686517,0.9580166463658594,0.9713155291790307,0.9442429746011126,0.0137859959852848,0.0144813795266759,0.0,0.2777777777777778,0.75
1,0.9274611398963732,0.9939424533064112,0.956061152531382,0.0183461907638839,0.956061152531382,0.9747524752475248,0.9302404131489328,0.0193610843089441,0.0273771064523681,0.0416666666666666,0.2916666666666667,0.75
1,0.7951945080091534,0.9153318077803204,0.8770295303476081,0.0299928755013623,0.8770295303476081,0.9107551487414188,0.8230358504958047,0.0377289488922073,0.0635195333782007,0.0,0.25,0.5
1,0.8087649402390439,0.9197495731360272,0.8702807816353633,0.0422446282464329,0.8702807816353632,0.9106431417188388,0.813318155947638,0.045327438813284,0.067667690227343,0.0,0.125,0.5
0,0.927589614589884,0.9623450461366392,0.945512850005548,0.0123744272894264,0.945512850005548,0.9541632011828852,0.931486974813158,0.0091071855876957,0.0149449936083448,0.25,0.125,0.75
0,0.7427385892116183,0.856114229924335,0.8041568061465972,0.0284110080954417,0.8041568061465972,0.8389065169636318,0.7557562444064763,0.0422986872487121,0.0620554610052917,0.0,0.2777777777777778,1.0
0,0.9032707028531664,0.9607698001480386,0.9302135061880166,0.0150656026180695,0.9302135061880168,0.9495245062179956,0.9087681369061116,0.0205464803100527,0.0233230922803805,0.0,0.2638888888888889,0.25
1,0.9061784897025172,0.9221967963386728,0.9115179252479024,0.0092481736483464,0.9115179252479024,0.9061784897025172,0.9115179252479024,0.0058749475451111,0.0,0.0,0.0,0.25
1,0.6995454545454546,0.9931818181818184,0.921153846153846,0.0676249050373425,0.921153846153846,0.9740909090909092,0.7693939393939395,0.0558630359383072,0.1795393280891282,0.0,0.3194444444444444,0.75
0,0.7737523643241669,0.9640622726611378,0.8597079480972977,0.0668470713120018,0.8597079480972976,0.9438382074785392,0.7772927882050534,0.0932942682072702,0.1006904371691402,0.0,0.2638888888888889,0.75
0,0.9110089826613746,0.949488351839756,0.9345630093669948,0.0114517652321037,0.9345630093669948,0.9459869848156182,0.9191993647640668,0.0121496110009973,0.0165756353859859,0.0,0.125,1.0
1,0.8856853729117475,0.990116302147422,0.9521861410985104,0.0252887823857202,0.9521861410985104,0.9781768984921864,0.9134260063407932,0.0269283620341041,0.0415521895169033,0.0,0.20833333333333334,1.0
0,0.8999174576970698,0.9676059463057466,0.9347982932544092,0.0207447435955599,0.9347982932544092,0.949075081610446,0.90909326129214,0.0151568449838737,0.02788128390619,0.0,0.1388888888888889,0.75
0,0.9296525261138352,0.964183064337829,0.9529044931375432,0.010024060967744,0.9529044931375432,0.957830002196354,0.9396574610656376,0.0051556185025591,0.0139990472095091,0.0833333333333333,0.125,0.25
1,0.7638585770405936,0.8827295213152917,0.8415320820602357,0.0277955460118865,0.8415320820602357,0.8728357340317183,0.7977108492167417,0.036519178297271,0.053465208856331,0.0476190476190476,0.25,1.0
1,0.8429140580535003,0.9368241320432557,0.8995937432535865,0.0242772870352173,0.8995937432535865,0.9260102447353444,0.8537279453614115,0.0289400129004516,0.0523187481110848,0.0333333333333333,0.375,0.75
0,0.9455430214554302,0.9802338913093328,0.9602947636398006,0.0116636777963083,0.9602947636398008,0.971589617709896,0.9471785853303633,0.0116930952795467,0.0137524105555854,0.0769230769230769,0.1388888888888889,1.0
0,0.849476439790576,0.9593495934959352,0.937158005366592,0.0239029291198493,0.937158005366592,0.9551140544518028,0.8929806604271446,0.0189782954222071,0.048277593130122,0.0833333333333333,0.2916666666666667,1.0
0,0.8527954015508922,0.9632969079237518,0.9249767921457714,0.0363866161505034,0.9249767921457714,0.949237659499982,0.873678788465591,0.0258891049878598,0.0570403853112826,0.0,0.1111111111111111,1.0
0,0.9383135029241452,0.9498836334365758,0.9428648616168384,0.0042702041620038,0.9428648616168384,0.9427678235447362,0.9396374124303448,0.000102923621197,0.0034288927360018,0.0,0.041666666666666664,0.75
1,0.931439555745408,0.9945267958950968,0.9640924226433336,0.0153365768416771,0.9640924226433336,0.985982364910694,0.9393645323107448,0.0224503618087559,0.0259820851406492,0.0,0.375,0.75
1,0.8035147669026117,0.8728337808152307,0.8348995199739647,0.0298751015645777,0.8348995199739647,0.8302416402245546,0.8118135220893338,0.0055945764368166,0.0280388838794944,0.0,0.041666666666666664,1.0
0,0.8453793599424668,0.9331216511212542,0.9032695494632682,0.0239326290081848,0.9032695494632682,0.9290654020944478,0.8715019760700796,0.0281562632522507,0.0357990568770725,0.0,0.1388888888888889,0.5
0,0.7936363636363637,0.8645454545454545,0.8279020979020978,0.0230824806121439,0.8279020979020978,0.8536363636363636,0.7990909090909092,0.0306080013307828,0.0354164875784403,0.0,0.1388888888888889,0.25
0,0.8935685828116107,0.9470688673875926,0.9251714944732348,0.0166491065889059,0.9251714944732348,0.9453614114968696,0.8975526465566306,0.0215873422586636,0.0303050223507757,0.0,0.2222222222222222,0.5
0,0.8797006548175865,0.9537525354969576,0.9209729811206994,0.0203144371602419,0.9209729811206994,0.9407763105242098,0.8962871013313564,0.0212738949249323,0.0271682408343377,0.0,0.1527777777777778,0.5
0,0.6410774410774411,0.7916947250280585,0.7282547699214367,0.0462019262878187,0.7282547699214368,0.7872053872053872,0.6614291058735504,0.0777989668771174,0.0961739071911701,0.0,0.18055555555555555,0.75
0,0.7327312667805712,0.826458384183549,0.776655683020096,0.0274091679320342,0.7766556830200962,0.7965584574078594,0.7444471564559434,0.0253020537717122,0.0423489138646896,0.0,0.125,1.0
1,0.7713636363636364,0.9109090909090908,0.8380664857530529,0.0326951502214992,0.8380664857530529,0.8972727272727272,0.7777272727272727,0.0682359288319669,0.0746867757213395,0.0147058823529411,0.9027777777777778,1.0
0,0.9067405355493998,0.9800399201596808,0.9518735290066804,0.0157278391262459,0.9518735290066802,0.9713155291790307,0.9118061251334746,0.0202185012332501,0.0429981663256301,0.0227272727272727,0.5694444444444444,1.0
0,0.9287735849056604,0.9786282306163022,0.955307159833932,0.0126531401144177,0.955307159833932,0.9728260869565218,0.9346728279177886,0.0181719050296461,0.021835503073966,0.0,0.375,1.0
0,0.8835942818243704,0.9593495934959352,0.929497254779148,0.0246616960072106,0.9294972547791482,0.9565217391304348,0.889266735438336,0.0286577011563035,0.0442394060550995,0.0333333333333333,0.375,0.75
0,0.8996285209362715,0.9590895109197172,0.9310499684438576,0.0261596511424932,0.9310499684438576,0.9479904988123516,0.9039917514883784,0.0180310436775539,0.0294905741505194,0.2222222222222222,0.08333333333333333,0.75
0,0.8583333333333334,0.935,0.9010344827586206,0.0197424578380904,0.9010344827586206,0.9333333333333332,0.8622222222222221,0.0352152390500657,0.0440233806305817,0.0,0.3611111111111111,0.5
0,0.7289480107395655,0.8263363436660971,0.7819974981693922,0.0324125988275482,0.7819974981693922,0.8230412496948987,0.7391180538605484,0.05114362700604,0.0563789440606545,0.0,0.18055555555555555,0.5
0,0.644090909090909,0.8595454545454545,0.759367201426025,0.0504443133303122,0.7593672014260251,0.8490909090909091,0.6703030303030303,0.1115648670962878,0.1245940065707038,0.0892857142857142,0.7361111111111112,1.0
0,0.738608305274972,0.8650953984287318,0.8057880391213725,0.0385183624826928,0.8057880391213725,0.8094276094276095,0.7771417882528994,0.0045066060491755,0.0361939618207724,0.0,0.05555555555555555,0.25
1,0.9308510638297872,0.983614366009336,0.9618301206150496,0.0146350650904821,0.9618301206150496,0.9810908399847966,0.9340287320658957,0.0198265598656165,0.0293285425862161,0.0,0.3194444444444444,0.5
1,0.8403361344537815,0.9369747899159664,0.896796218487395,0.0253572534001585,0.896796218487395,0.9285714285714286,0.8473389355742298,0.0348151345130197,0.0567126725219572,0.0,0.625,0.75
1,0.911246908191474,1.0,0.9608977156991124,0.0274082775234769,0.9608977156991124,0.9704641350210972,0.9334594306222416,0.0099063977249186,0.0289684393781322,0.0,0.06944444444444445,0.25
0,0.9275181546347716,0.974886856157659,0.9450459749897668,0.0165072188933533,0.9450459749897668,0.9528850035985746,0.9287857146739268,0.0082606045185461,0.0173550916077829,0.1111111111111111,0.08333333333333333,1.0
0,0.9290084578009716,0.9671225177969278,0.953006756231019,0.011340817836886,0.953006756231019,0.9658559401309634,0.9330193431991862,0.0133924995512242,0.0211952666380081,0.0416666666666666,0.2916666666666667,0.5
0,0.7866666666666666,0.8866666666666667,0.8375396825396826,0.0279717193979137,0.8375396825396825,0.8816666666666667,0.7899999999999999,0.0513341335056782,0.0584190764129321,0.0869565217391304,0.5972222222222222,0.75
0,0.9077916090364224,0.9845,0.941048005240448,0.0208345406182826,0.941048005240448,0.9637787567302988,0.9103132523948568,0.0238664764099947,0.0332023290633701,0.0,0.2222222222222222,0.75
0,0.8804217984100177,0.9758035062089117,0.9301666590474832,0.0309360289152882,0.9301666590474832,0.968069206032882,0.8874809445973414,0.0399344967426311,0.0469680859640193,0.0,0.2361111111111111,1.0
1,0.9229459974469504,0.9926774912448264,0.9557960909127796,0.0233092231857195,0.9557960909127796,0.9759189342514524,0.927079581730118,0.0208341738574634,0.0305028203400744,0.0,0.1388888888888889,0.5
0,0.9286986747773192,0.9835718558740968,0.9548494206478636,0.016590737440386,0.9548494206478636,0.9745132904755393,0.9333909498950592,0.0203837979393993,0.0227285372006263,0.0588235294117647,0.19444444444444445,1.0
1,0.8816666666666667,0.97,0.9279824561403508,0.0302998336963636,0.9279824561403508,0.9583333333333334,0.8861111111111111,0.0321800595238095,0.0461622771670804,0.0,0.2222222222222222,0.75
0,0.7833333333333333,0.9,0.8558333333333333,0.035175001091036,0.8558333333333333,0.8883333333333333,0.7905555555555556,0.0372670807453415,0.0792981272144423,0.2307692307692307,0.3194444444444444,0.5
1,0.87608878898567,0.9971816346519018,0.9373303847318746,0.031657337372354,0.9373303847318746,0.9777168054875062,0.8953640895798883,0.0421779901423787,0.0457973718371644,0.0,0.20833333333333334,1.0
1,0.9646827992151732,0.99575658211978,0.976345871948434,0.0110116991404657,0.976345871948434,0.9866220735785952,0.966460612838832,0.0104700656509213,0.0101762673606524,0.1818181818181818,0.1111111111111111,1.0
1,0.9547028992440916,1.000360938439944,0.9753748468344308,0.0152333176540527,0.9753748468344308,0.9891935835663156,0.9594904416905792,0.0140679617141826,0.0164191328854326,0.0,0.09722222222222222,1.0
0,0.7745454545454545,0.9068181818181816,0.8370119225037257,0.028839641543461,0.8370119225037257,0.8872727272727272,0.775151515151515,0.0582975725910656,0.0767421043144131,0.0,0.8055555555555556,1.0
1,0.8575597300747767,0.9696844710249536,0.9208853725564587,0.0357679488906563,0.9208853725564587,0.9631298648095044,0.8602311314850013,0.0448451704797328,0.0681081118880538,0.032258064516129,0.3888888888888889,1.0
0,0.949031440468288,0.9902775678807114,0.9668629210813352,0.012865807134336,0.9668629210813352,0.976006950909204,0.9548566075472148,0.0094129102105025,0.0124953858825473,0.0,0.08333333333333333,1.0
1,0.9450273325518506,0.9682212207332008,0.958510366773691,0.0120482828731269,0.958510366773691,0.9450273325518506,0.958510366773691,0.0141662907192409,0.0,0.0,0.0,1.0
0,0.9334600760456274,0.9949341438703142,0.965895122422514,0.0132764140780943,0.9658951224225136,0.9780876494023906,0.9461361739649846,0.0125438632035109,0.0206680178246671,0.0,0.25,0.5
1,0.9287735849056604,0.987957852483693,0.96044545139657,0.0167503876161427,0.96044545139657,0.9776564051638532,0.93556608922425,0.0177606287399442,0.0262438931823943,0.0,0.2222222222222222,0.5
0,0.9437581581884564,0.9593846153846154,0.9509654532903346,0.0055551306787652,0.9509654532903346,0.9504286530767766,0.9481991192783736,0.0005646385583718,0.0029132114740527,0.0,0.027777777777777776,0.25
0,0.882838903492302,0.9474108402176104,0.9141116219486092,0.0169316494410213,0.9141116219486092,0.9396482813749002,0.8893786984000184,0.0275512048572284,0.0274278417461201,0.1071428571428571,0.3472222222222222,1.0
1,0.9042357274401474,0.9800399201596808,0.95513527951301,0.0219426709893219,0.9551352795130102,0.9722772277227724,0.922293658975834,0.0177875240981458,0.0349857401938319,0.125,0.18055555555555555,0.5
0,0.9213851193261582,0.981555333998006,0.9593894461116732,0.0142147409499332,0.9593894461116732,0.9718657453109576,0.9365546751867838,0.0129204045686927,0.0240880210216857,0.0,0.20833333333333334,0.5
0,0.8692460756135308,0.9601094030452144,0.933340948532009,0.0312070077114514,0.933340948532009,0.9471794933567824,0.910039441437681,0.0147177818613596,0.025281279133832,0.0,0.05555555555555555,0.75
0,0.9267527885272024,0.9776199595382316,0.9483930714043456,0.0212233568165706,0.9483930714043456,0.9445723731910328,0.9386507753597167,0.0040367331841384,0.010325458055821,0.0,0.013888888888888888,0.75
0,0.9146080529079946,0.9447458308217802,0.9299718209717086,0.0100766566491991,0.9299718209717084,0.9394605394605396,0.9163923291130978,0.0101514434966099,0.0147094405596935,0.1333333333333333,0.16666666666666666,0.75
0,0.8445378151260504,0.915966386554622,0.8813387423935091,0.0176718788903994,0.8813387423935091,0.9117647058823528,0.8557422969187675,0.0339366515837104,0.029470640569395,0.064516129032258,0.3888888888888889,0.5
0,0.8855952246874649,0.980461103006272,0.9436967929724328,0.0258360242074282,0.9436967929724328,0.9687919669808416,0.902077035374735,0.0262434734612733,0.0450973537044536,0.0,0.2361111111111111,1.0
1,0.8801173857353632,0.9630621839794198,0.9306195577621508,0.0288296648253662,0.9306195577621508,0.9584709102145316,0.8942603745621455,0.0294865205499779,0.0398483018591756,0.0,0.1111111111111111,1.0
1,0.9242776876601548,0.9937065588272463,0.9592160955206211,0.0259570396511336,0.9592160955206211,0.977693780618208,0.9272172522783844,0.0190795507062224,0.0339252306789121,0.0,0.08333333333333333,0.5
0,0.7109090909090909,0.9,0.8120721925133689,0.0480919676773291,0.8120721925133689,0.8604545454545455,0.7189393939393941,0.0578554014627713,0.1216617815280633,0.0,0.4305555555555556,0.5
1,0.780590717299578,0.8659973810563073,0.816446602648043,0.0234699258909542,0.816446602648043,0.8400989378728357,0.7831611620350162,0.0285562149017111,0.0416170030527726,0.0588235294117647,0.19444444444444445,0.5
0,0.9015892420537897,0.9675756723830944,0.9321306188148004,0.0184211445007467,0.9321306188148004,0.9559300064808814,0.9034067089382396,0.0252104062202491,0.0312975491615016,0.0,0.2777777777777778,1.0
1,0.9338129496402878,0.9984615384615384,0.9624237798055938,0.017636631254399,0.9624237798055936,0.9908396946564886,0.9390104911729082,0.0290958339439799,0.0246269765829313,0.0,0.4444444444444444,1.0
0,0.6111111111111112,0.8561167227833896,0.7657313879536102,0.0650616712812425,0.7657313879536102,0.7831649831649832,0.7096894874672652,0.0225109898072557,0.07596734114306,0.0,0.08333333333333333,0.5
1,0.9174515727741248,0.9703947368421052,0.9412424941754384,0.0123657555183258,0.9412424941754384,0.9584145549057832,0.9183226920396588,0.0180791166896679,0.0246507111508466,0.0285714285714285,0.4444444444444444,1.0
0,0.8879238230844531,0.9744320956306032,0.9369119772987712,0.0287257069710604,0.9369119772987712,0.9634607956740054,0.9035814512090168,0.0279406427547408,0.0362191199093578,0.0833333333333333,0.125,1.0
1,0.8991752577319587,0.984646647098668,0.9473915797205392,0.0188156038422921,0.9473915797205394,0.9747429593205184,0.9089220137924818,0.0284593810104723,0.0414472706147187,0.0263157894736842,0.4861111111111111,0.75
0,0.845756880733945,0.960822631676903,0.9275138227290022,0.0265566724160604,0.9275138227290024,0.9578810650338622,0.8594048883206233,0.0322131374196016,0.0762305906667374,0.0238095238095238,0.5416666666666666,1.0
0,0.8624584717607974,0.9516129032258064,0.914690418693378,0.0249339545673399,0.914690418693378,0.944,0.8801813333876632,0.0315378838905577,0.0384529816859658,0.0,0.19444444444444445,1.0
1,0.5135430318916557,0.9651067323481116,0.9188919659170718,0.069294632426019,0.9188919659170716,0.9495153473344105,0.7682037817165703,0.0327801986217305,0.1786361970408138,0.0,0.4861111111111111,1.0
0,0.7501818710897715,0.859013531209079,0.8053000998409569,0.0288799135623043,0.805300099840957,0.8466462971046121,0.7544982782870168,0.0500575531265467,0.0651389593248726,0.0,0.3611111111111111,1.0
0,0.8776382610636755,0.963355916837166,0.9276883049615814,0.0263559907631647,0.9276883049615812,0.95288414929714,0.8915335285870963,0.0267959304396919,0.0397475180956457,0.0,0.1388888888888889,1.0
0,0.5489337822671156,0.8168350168350169,0.7141189674523009,0.0705836684087406,0.7141189674523009,0.7988776655443324,0.5861952861952862,0.1120408284374815,0.1967581004332891,0.0,0.375,1.0
0,0.7722727272727272,0.8736363636363635,0.8261363636363637,0.0324038806074298,0.8261363636363637,0.8463636363636364,0.7886363636363637,0.0241880690311183,0.0464461646727656,0.0909090909090909,0.1111111111111111,0.5
0,0.7554197584751927,0.8569765750036373,0.8047795722391968,0.0327809466277263,0.8047795722391968,0.8155099665357194,0.7719579029050875,0.0132450331125827,0.0416323831348093,0.1111111111111111,0.08333333333333333,0.5
0,0.8565737051792829,0.92942515651679,0.8918966989186112,0.0208659251376128,0.8918966989186112,0.9203187250996016,0.8596091823183456,0.0313671606634607,0.0368682936736283,0.0588235294117647,0.4305555555555556,1.0
0,0.8980294945590522,0.9712805598473144,0.9357485071865336,0.02480626368674,0.9357485071865338,0.9626627032383012,0.905824566578196,0.0283544428140459,0.0324982386359118,0.0,0.125,0.75
1,0.9316888045540798,0.9790628115653042,0.961274326204584,0.0117498705980356,0.961274326204584,0.9722772277227724,0.943112372905709,0.0113810273078467,0.0190738081791476,0.0,0.19444444444444445,1.0
0,0.935034305317324,0.962693156732892,0.9465615553711394,0.0074083743425401,0.9465615553711394,0.9519755511896966,0.9375924776868172,0.0057033342143778,0.0095205355050143,0.0,0.1388888888888889,0.25
0,0.9145378541569904,0.9675675675675676,0.9456466541121036,0.0138574975172423,0.9456466541121036,0.9623655913978496,0.9198224399872884,0.0175249790194898,0.0276865633491319,0.0666666666666666,0.375,0.75
1,0.7227833894500563,0.8967452300785635,0.8119207952541287,0.0482614291996712,0.8119207952541287,0.8567901234567902,0.7480733258511038,0.0537772333117146,0.0818560384801835,0.0,0.1527777777777778,1.0
0,0.7472727272727273,0.889090909090909,0.8367627494456762,0.0314021823611823,0.8367627494456764,0.8831818181818182,0.7678787878787879,0.0539774009114405,0.0858558873924499,0.0465116279069767,0.5555555555555556,0.75
0,0.93096926713948,0.9699507389162562,0.947057929429768,0.0091494163074358,0.947057929429768,0.956754130223518,0.9317037944679584,0.0101860903176714,0.0163449518547305,0.0,0.3888888888888889,1.0
1,0.7530918085261166,0.8709442746980939,0.8040261062958575,0.0345070214887552,0.8040261062958576,0.8217663320238614,0.7616761239633347,0.0218234816571525,0.0540971092894363,0.0,0.1527777777777778,0.75
0,0.6897867564534231,0.7624017957351292,0.7258585858585859,0.0216542335162247,0.725858585858586,0.7487093153759821,0.6935652824541713,0.0309931194057113,0.0455019872855895,0.0,0.16666666666666666,0.5
0,0.728703929704662,0.8339028557481084,0.7811620826535463,0.0325866023288746,0.7811620826535463,0.8173053453746644,0.7392400943780002,0.0452223950108293,0.0551459198215502,0.05,0.2361111111111111,1.0
0,0.9238005644402634,0.9665354330708662,0.9463952518369684,0.0107774525994443,0.9463952518369684,0.9561830574488804,0.9275964193400508,0.010288991064537,0.0200628773180303,0.0,0.2361111111111111,1.0
0,0.839619015077094,0.9650584813264768,0.8954144923209136,0.041417972443332,0.8954144923209135,0.9473392527980916,0.8448417748164561,0.0563556151924411,0.0581210002911202,0.0,0.16666666666666666,1.0
0,0.8920508442420794,0.9481750352893727,0.9272210141303688,0.0152766166573814,0.9272210141303688,0.9405881176235248,0.9025805334918114,0.0143131364612229,0.0269324076926019,0.0,0.18055555555555555,0.5
0,0.7941176470588235,0.915966386554622,0.8670942061034941,0.0332052930156471,0.8670942061034941,0.907563025210084,0.8039215686274511,0.045607476635514,0.0756098636905023,0.05,0.5138888888888888,0.75
1,0.9117920148560816,0.9742063492063492,0.9589898727752844,0.0154179230984973,0.9589898727752844,0.9742063492063492,0.9346594201278292,0.0157422989534574,0.0256968940749896,0.0,0.18055555555555555,0.5
0,0.7634742148119427,0.9781420765027324,0.9536605540375488,0.0513743638737309,0.9536605540375488,0.9742701632855022,0.888335662441853,0.0213800309967257,0.0709283667482781,0.0588235294117647,0.19444444444444445,0.5
0,0.725,0.935,0.8670289855072464,0.0430789635605277,0.8670289855072464,0.905,0.7833333333333333,0.0428559744827021,0.1014270032930845,0.0416666666666666,0.2916666666666667,0.5
0,0.8879685923825622,0.9604210898796888,0.9346426021319784,0.0222028152044064,0.9346426021319784,0.9533480078211898,0.9071772267877172,0.019815146951049,0.0298241716296114,0.0,0.1111111111111111,1.0
0,0.7045454545454546,0.8745454545454545,0.7776767676767676,0.0436775616514967,0.7776767676767679,0.8431818181818183,0.7148484848484848,0.0808275948026047,0.0841905793178129,0.0357142857142857,0.3472222222222222,1.0
0,0.7799999999999999,0.9033333333333332,0.8401086956521739,0.0312603606013677,0.8401086956521738,0.9,0.7838888888888889,0.0688362795927292,0.0692363182044664,0.1320754716981132,0.6944444444444444,1.0
0,0.9194941668893044,0.9616280152742852,0.9406258036445028,0.015985433298045,0.9406258036445028,0.9556645686782674,0.9204248618130711,0.0158612470466151,0.0217091798803497,0.0909090909090909,0.1111111111111111,0.25
1,0.8817934782608695,0.9650557620817845,0.9342678165962084,0.0190787568779405,0.9342678165962084,0.9629080118694362,0.890510526302774,0.0301924522160823,0.0479590197502215,0.0714285714285714,0.5416666666666666,1.0
0,0.7660410301178524,0.8491197439255056,0.8119915876354112,0.026200655419447,0.8119915876354112,0.8261312381783791,0.7788932537950434,0.0172632360896912,0.0416099682119131,0.0,0.1111111111111111,0.75
0,0.8927097661623109,0.9495245062179956,0.9236176435383264,0.0161131473702762,0.9236176435383264,0.9467541940189642,0.8997740125423045,0.0247400543742726,0.026153054848648,0.0,0.2361111111111111,0.75
1,0.9012842629863906,0.9617508692984252,0.943047613658718,0.0141623791015365,0.943047613658718,0.957052717280684,0.919867241569876,0.0147414359062206,0.0248861315628915,0.0,0.2361111111111111,1.0
0,0.9057920446615492,0.969380134428678,0.9402098640934836,0.0187557321015824,0.9402098640934834,0.9629080118694362,0.9102662799954552,0.0238536436052004,0.0323631128060507,0.0357142857142857,0.3472222222222222,0.75
0,0.9015918958031838,0.95825093386069,0.9317872476047946,0.0153190205597188,0.9317872476047944,0.9466029954417192,0.9027752429296304,0.0157749412208352,0.031628254501936,0.0,0.2777777777777778,0.5
1,0.8451906659077973,0.937962435970404,0.9034411803336106,0.0256064965314994,0.9034411803336106,0.9265793966989186,0.85353822804022,0.0252873838203806,0.0568053923176917,0.0,0.3194444444444444,0.75
0,0.7592592592592594,0.8026936026936027,0.7772727272727273,0.0171741010500235,0.7772727272727273,0.7753086419753087,0.7642723531612421,0.0025300899989156,0.0168666804188761,0.0,0.041666666666666664,1.0
0,0.9353380596659848,0.9909889472821908,0.9554997367197988,0.0165111374960872,0.9554997367197988,0.9726747566210217,0.9391011470015608,0.0178147983603547,0.0173108646355405,0.0,0.125,1.0
1,0.9251207180594218,0.9601323027397988,0.949881344659121,0.0166825457973665,0.9498813446591212,0.9547397240999244,0.9464643586322284,0.0051016756251349,0.0036037585562189,0.0,0.013888888888888888,1.0
0,0.8926255727500648,0.966850828729282,0.9368552869777176,0.0178220895278987,0.9368552869777176,0.9614489244808642,0.9012376776024742,0.0259111657180066,0.0387549596909296,0.0465116279069767,0.5555555555555556,1.0
0,0.8775662560656963,0.9272332873200552,0.9098076466703764,0.0143508133248161,0.9098076466703764,0.91943684004693,0.8942445469760961,0.0105280551030485,0.0172534916108197,0.0,0.09722222222222222,0.75
0,0.9051603905160392,0.9586410635155096,0.9367541686813652,0.0155656339884553,0.9367541686813652,0.9530102790014684,0.9119720389043132,0.0172043773392349,0.0268099512792822,0.0,0.20833333333333334,0.75
0,0.6738496071829405,0.8254769921436589,0.7597830153385708,0.04786485620624,0.7597830153385708,0.8079685746352413,0.6881032547699215,0.0614709110867179,0.0990129709058961,0.0,0.16666666666666666,0.5
0,0.6813618507202095,0.847082787720064,0.776478005722877,0.0537872934090334,0.776478005722877,0.8322421067947039,0.701585915902808,0.06932728774623,0.1013380933318458,0.0,0.16666666666666666,0.5
0,0.8969559851912794,0.9678206835330668,0.9418689576402454,0.0170552431263041,0.9418689576402456,0.955521472392638,0.9189524913034246,0.0143908333638595,0.0246304838648864,0.0,0.16666666666666666,0.75
0,0.7633634366609714,0.8324383695386868,0.7964974371491336,0.0225747154838354,0.7964974371491336,0.8064437393214547,0.7736962004718899,0.0124100650957401,0.0290425793748463,0.0,0.06944444444444445,1.0
0,0.8423449060899261,0.9453614114968696,0.9171087080250429,0.0242702218393881,0.9171087080250429,0.941946499715424,0.8653007019540885,0.0267208758373234,0.0581325544859649,0.0,0.3055555555555556,0.75
1,0.9282160017783552,0.9794073601847564,0.958067455141903,0.0195773817582279,0.9580674551419032,0.9610388843972594,0.9437393554338102,0.0030966801517313,0.0150678813730354,0.0,0.041666666666666664,0.75
0,0.7766666666666667,0.8883333333333333,0.8353174603174603,0.0345833094281806,0.8353174603174603,0.8833333333333333,0.7855555555555557,0.0558762410528745,0.0614013612103999,0.0869565217391304,0.2777777777777778,1.0
0,0.861344537815126,0.9201680672268908,0.8893557422969187,0.0193238556360841,0.8893557422969188,0.9033613445378152,0.865546218487395,0.0156249999999999,0.0271348762968875,0.0769230769230769,0.1388888888888889,0.25
1,0.8206004393458628,0.8978520868928483,0.8512204051745179,0.0190015949132433,0.8512204051745179,0.8757627532340738,0.8256041005613864,0.0284222204948096,0.0305533519166805,0.0476190476190476,0.25,0.75
0,0.7204545454545455,0.8681818181818183,0.8117155425219942,0.0372623248006781,0.8117155425219942,0.8663636363636363,0.7431818181818182,0.0651317226615403,0.0881520878126061,0.0,0.3888888888888889,0.75
0,0.6292929292929293,0.7714927048260382,0.7101250601250602,0.0426645230879841,0.71012506012506,0.7558922558922558,0.6535727646838758,0.0624374559115442,0.082939628431405,0.0666666666666666,0.16666666666666666,0.75
1,0.7634011090573013,0.9653141361256544,0.9294973899145744,0.0545529493078195,0.9294973899145748,0.962255358807083,0.8684254321017955,0.0346323999419525,0.0679361283642721,0.0,0.125,0.5
1,0.9057037718491262,0.9845,0.95456762111436,0.016169456598255,0.95456762111436,0.9680432645034416,0.9231437955171844,0.0140180662555141,0.0334703462085214,0.0,0.2916666666666667,0.5
0,0.9561830574488804,0.9780876494023906,0.9671471278986152,0.0087464544016401,0.9671471278986152,0.9732408325074332,0.9593072433292386,0.0062809136452719,0.0081391853204182,0.0,0.05555555555555555,0.75
0,0.9162401116798512,0.9718657453109576,0.9509483791119168,0.0174668018917478,0.9509483791119168,0.9670923379174854,0.9316947588054136,0.0168338019753532,0.0204538182714778,0.0,0.09722222222222222,0.75
0,0.8112128146453089,0.8890160183066361,0.8493516399694889,0.0245928893137353,0.8493516399694889,0.8615560640732266,0.8215102974828375,0.0142666072224699,0.0333257247203834,0.0,0.08333333333333333,0.25
1,0.9136811229834486,0.98,0.9502228852196732,0.0146715665586789,0.9502228852196732,0.9732202633340772,0.921501975079438,0.0239127193665129,0.0306892436483913,0.0294117647058823,0.4305555555555556,0.75
1,0.832212389380531,0.9588091353996738,0.9094981168871868,0.0319928753745938,0.9094981168871868,0.9531725116561932,0.8463152405167165,0.0468943828283371,0.0719699233452588,0.0,0.4305555555555556,1.0
1,0.7551487414187642,0.8924485125858124,0.8482074752097636,0.031412881068732,0.8482074752097633,0.8764302059496567,0.7818459191456902,0.0327288810260949,0.0814225549836216,0.0357142857142857,0.3472222222222222,0.5
0,0.8450000000000001,0.9216666666666667,0.8825641025641026,0.0210886069888303,0.8825641025641026,0.895,0.8538888888888888,0.0139920663541291,0.0330273423079763,0.0,0.1388888888888889,1.0
1,0.8621446470232438,0.9878225055937272,0.9188910756358752,0.0391116995739528,0.9188910756358752,0.973215504964788,0.8708112064642016,0.0574221662626077,0.0537294606511375,0.0,0.2222222222222222,1.0
0,0.9119472459270752,0.9487489911218724,0.9347625395642606,0.0110650172681399,0.9347625395642606,0.9464573268921096,0.9164204057127026,0.0124331956475436,0.0198166625274454,0.0555555555555555,0.20833333333333334,0.75
0,0.8081957882754695,0.9476380193511666,0.892804720965761,0.0291037944725578,0.8928047209657608,0.935685828116107,0.8343767785998862,0.046903285523546,0.0676569803238027,0.0,0.4861111111111111,1.0
1,0.9290444654683064,0.9879275653923542,0.9663581676106257,0.0139359630891582,0.9663581676106254,0.9790628115653042,0.9434634148152216,0.0130610742771575,0.0239758027724485,0.0,0.20833333333333334,0.75
0,0.8985428936798688,0.9610664817276386,0.9344463877842348,0.0217812274764491,0.9344463877842346,0.9531888876151172,0.9010845952181176,0.0198581792522576,0.0363511080717883,0.0666666666666666,0.16666666666666666,1.0
1,0.9446654291523028,0.982893405683804,0.9636927045518152,0.0139927926521212,0.9636927045518152,0.9728720983158854,0.9504561464971366,0.0094800791075796,0.0138302285607779,0.0,0.05555555555555555,0.25
1,0.8231818181818181,0.9068181818181816,0.8584090909090909,0.0303412201078844,0.8584090909090909,0.895909090909091,0.8239393939393939,0.0427516517683638,0.0409780699779349,0.0,0.1527777777777778,0.5
0,0.904670113029002,0.9658559401309634,0.9345660338638276,0.0194192614976306,0.9345660338638276,0.9605544701832728,0.907913433499624,0.0274266847558725,0.0289312318930132,0.05,0.2361111111111111,0.5
1,0.8281161070005691,0.9163346613545816,0.87585791288627,0.0291352736774881,0.87585791288627,0.9106431417188388,0.8362739518118004,0.0389422986825583,0.0462393836487005,0.0,0.19444444444444445,0.5
1,0.8833333333333333,0.975,0.9339583333333332,0.024413368157689,0.9339583333333332,0.9683333333333332,0.8894444444444445,0.0361406198663891,0.048825075218037,0.0303030303030303,0.4166666666666667,0.5
0,0.7597846646297104,0.8444638440273533,0.8134548232213007,0.0250214642391094,0.8134548232213007,0.8384984722828459,0.7672050050923905,0.0303200449185851,0.0585196350289375,0.0,0.2916666666666667,0.75
0,0.9100584307178632,0.956989247311828,0.9331353496025478,0.0151529847460062,0.9331353496025478,0.9419006479481642,0.916082345320449,0.0093494720710067,0.018443479455034,0.0,0.09722222222222222,0.25
0,0.956802005461301,1.0,0.9777619309571476,0.0131030735784204,0.9777619309571476,0.9895370370370372,0.9581199608823192,0.0119708354159256,0.0202925293713705,0.0,0.1527777777777778,0.5
0,0.8219504691585909,0.9718988723172062,0.9202351328784036,0.0355097015531515,0.9202351328784036,0.9586042965421356,0.8631646441759763,0.0408434729045108,0.0640019018020624,0.0,0.2361111111111111,1.0
0,0.8868031854379979,0.9752512022520232,0.9339082030207088,0.0253826346002845,0.9339082030207088,0.966465836223096,0.8895463717312887,0.0342644474509266,0.0486569085993859,0.0,0.2777777777777778,1.0
1,0.7983193277310925,0.9285714285714286,0.8723558388872791,0.0290123421450858,0.8723558388872791,0.915966386554622,0.8123249299719889,0.0487725836506522,0.0712668061806609,0.0793650793650793,0.8333333333333334,1.0
0,0.8184110970996218,0.9579335793357934,0.9136952449253052,0.0334926523502547,0.9136952449253052,0.9502196193265008,0.8323496192138357,0.0391910329186166,0.0931770166760011,0.0,0.5,1.0
1,0.8249427917620137,0.9553775743707094,0.8926773455377575,0.0338946421113613,0.8926773455377575,0.9359267734553776,0.8268497330282227,0.0473032161181328,0.076564787295391,0.0,0.4444444444444444,1.0
0,0.8696041336099923,0.9738916480612384,0.9418196795609896,0.0318679715671765,0.9418196795609896,0.9701783850029504,0.8806712631320076,0.0296639478538681,0.0671042198307184,0.0555555555555555,0.20833333333333334,1.0
1,0.5460092750793264,0.8954112765438126,0.7432012079173077,0.0925838871019072,0.7432012079173077,0.8824749816939225,0.5772923277194696,0.1713425769124676,0.2512831387967869,0.0,0.5555555555555556,1.0
1,0.8866679238167076,0.9522073714054272,0.936585195411692,0.0142426261155105,0.936585195411692,0.949323642237028,0.9039934006730824,0.0135090801538614,0.0354147275296342,0.0,0.3611111111111111,0.75
0,0.6809253601047577,0.8232213007420339,0.7604994970868996,0.0412321274652661,0.7604994970868993,0.8134730103302779,0.6852902662592754,0.0673118659871713,0.1040389588228342,0.0416666666666666,0.2916666666666667,0.5
0,0.6644219977553312,0.7714927048260382,0.7411736411736413,0.0305727207275704,0.7411736411736413,0.7647586980920315,0.6943135054246167,0.0313228639872237,0.0652881300401348,0.125,0.18055555555555555,0.5
0,0.9169000933706816,0.9780876494023906,0.9490791119478575,0.0145982638128277,0.9490791119478575,0.967487684729064,0.9250162991941968,0.0192099464658621,0.025679389224903,0.0,0.3194444444444444,0.75
0,0.901969766376546,0.9651960784313728,0.9348062563774796,0.0148015342858041,0.9348062563774796,0.9590842669264492,0.9117682297033416,0.0256382407010687,0.0249521769609562,0.0333333333333333,0.375,0.75
1,0.6774410774410775,0.8839506172839507,0.757502561850388,0.0545821564396597,0.7575025618503879,0.8297418630751965,0.6832398054620278,0.091024797555292,0.1030895711450355,0.0,0.2777777777777778,0.75
0,0.92043056141832,0.964183064337829,0.9385428306593986,0.0148386912790857,0.9385428306593986,0.9595159515951596,0.9210792363433252,0.0220995483720989,0.0187818746894314,0.0,0.25,0.75
1,0.7103254769921437,0.8855218855218856,0.8232323232323233,0.0438572511864664,0.8232323232323234,0.865993265993266,0.7648709315375983,0.0506278652581221,0.0734982332155477,0.0,0.16666666666666666,0.5
1,0.8136924803591471,0.8828282828282829,0.856954156954157,0.0182262540155303,0.8569541569541571,0.8679012345679012,0.8319865319865319,0.0126933279943939,0.0295660174819815,0.0,0.1388888888888889,0.5
0,0.9131072026800672,0.9507303248310442,0.9381417409816182,0.0093411992391764,0.938141740981618,0.949075081610446,0.9185793786901284,0.0115867350247664,0.0210719446062508,0.0,0.3611111111111111,0.75
0,0.7608695652173914,0.9073226544622424,0.8477903318077803,0.0372235035219154,0.8477903318077803,0.897025171624714,0.7807017543859649,0.0564355826963667,0.0823934951733425,0.0303030303030303,0.4166666666666667,0.75
0,0.8269778030734205,0.9408081957882756,0.8776892430278884,0.0250637976754454,0.8776892430278884,0.915196357427433,0.840068298235629,0.0418399415891557,0.0438023922335242,0.0,0.375,0.75
0,0.936060261014277,0.9759817351598172,0.9561406523843357,0.0134679611365898,0.9561406523843357,0.9713246989320607,0.9402715421387589,0.0157554547347426,0.0167359293421624,0.0,0.1388888888888889,1.0
1,0.8031818181818182,0.924090909090909,0.8764693446088795,0.0284629942661427,0.8764693446088795,0.921818181818182,0.8174242424242424,0.0504355800091701,0.0697152437870143,0.0,0.5555555555555556,0.75
0,0.9141236238505448,0.9754500006202628,0.95201128168446,0.0191295147327986,0.95201128168446,0.963155316021558,0.9324992731497246,0.0116376657262573,0.0207077731506282,0.1,0.09722222222222222,1.0
0,0.8920024544896706,0.963756906077348,0.9370923822038486,0.017389149112226,0.9370923822038486,0.9561499671124754,0.900445893793843,0.020132219116595,0.0398865034690049,0.0357142857142857,0.3472222222222222,0.5
0,0.7757437070938216,0.9004576659038902,0.8509010297482837,0.0307713499278161,0.8509010297482837,0.8775743707093822,0.8039664378337147,0.0308634313847172,0.0567230824630897,0.0,0.18055555555555555,0.5
0,0.8789528397849342,0.9750508407321066,0.9462830846069132,0.0227739607507896,0.9462830846069132,0.9664224964357702,0.9021215262458596,0.0210585591723721,0.0477834323738019,0.0,0.25,1.0
0,0.9372874039540706,0.968048554308541,0.948697784001008,0.0133756905909816,0.948697784001008,0.9427787394417976,0.939476102247203,0.006258649775295,0.0097678310466716,0.0,0.027777777777777776,1.0
0,0.7745454545454545,0.9336363636363636,0.8602319109461966,0.0388865697939405,0.8602319109461966,0.9177272727272728,0.7803030303030303,0.0646756824442777,0.0974424605455857,0.0392156862745098,0.6666666666666666,1.0
1,0.8135011441647597,0.9359267734553776,0.8646765134179322,0.0256422369805946,0.8646765134179322,0.8993135011441648,0.8226544622425629,0.0392711834424199,0.0498089014918012,0.0,0.4166666666666667,1.0
0,0.8599866733300017,0.9606438407145516,0.9323135189821656,0.0186566732248804,0.9323135189821656,0.950824201123492,0.8930841205363235,0.0196594034984204,0.0429817565187498,0.0303030303030303,0.4166666666666667,1.0
0,0.9275621002528632,0.9717368861878884,0.9475003483716098,0.0179431331491754,0.9475003483716098,0.956882000920669,0.929173823715852,0.0098526984904535,0.0195308540271249,0.0,0.05555555555555555,0.5
1,0.8517386876182161,0.9751200349192491,0.9178831821782496,0.0351088837104469,0.9178831821782496,0.9627528008147824,0.866433871671759,0.0477174945521596,0.0576683503590114,0.0,0.20833333333333334,0.5
0,0.6392817059483726,0.7886644219977553,0.7208964646464647,0.0525730054743156,0.7208964646464647,0.7803591470258138,0.6490086045641602,0.0792172657567785,0.104953053606449,0.0,0.18055555555555555,0.75
0,0.8886209620421569,0.973137861955928,0.943891864139952,0.0239266449976923,0.943891864139952,0.9696502290976728,0.9053847186478736,0.0269221827403218,0.0416456314328364,0.0,0.2222222222222222,1.0
1,0.9274776690769884,0.9691111111111111,0.9535314768982448,0.0094590575901031,0.9535314768982448,0.9656775907883084,0.9366203108895887,0.012657416114342,0.0178939766826325,0.0,0.3055555555555556,0.5
1,0.8787706317586795,0.9328400682982356,0.9134319863403528,0.0167778130256406,0.9134319863403528,0.9243027888446214,0.8922405615632707,0.0118306544024279,0.0234720573247738,0.0,0.09722222222222222,0.25
0,0.8258394991462721,0.9322709163346612,0.8815580170161843,0.0307582704286137,0.8815580170161843,0.9214570290267502,0.8290646936065263,0.0442581021141581,0.0613733502819555,0.0,0.5,1.0
0,0.8319327731092437,0.915966386554622,0.8684640522875817,0.0190257595302747,0.8684640522875817,0.8991596638655464,0.8389355742296919,0.0347309343017498,0.0345888304053592,0.027027027027027,0.4722222222222222,0.5
0,0.9404259063709962,0.9763383884524028,0.9606582691350952,0.0122176922805041,0.9606582691350952,0.967236854013938,0.9489544823165548,0.0068246294104393,0.0122577593908959,0.3,0.09722222222222222,0.5
0,0.8721912485217098,0.9652238945498738,0.9346986675866136,0.0258461446656538,0.9346986675866136,0.9559300064808814,0.8980587610172922,0.0224595545233014,0.0399833671357496,0.1333333333333333,0.16666666666666666,0.75
0,0.9334600760456274,0.9889224572004028,0.9577609867282768,0.0147244040064923,0.9577609867282768,0.9713155291790307,0.9388305096563992,0.014052882131924,0.0199626299157864,0.0,0.16666666666666666,1.0
1,0.9261523988711194,0.998478701825558,0.958789559065273,0.0167715166974711,0.9587895590652727,0.9800895968143356,0.9292186526466208,0.021971495938229,0.0313249764860285,0.0263157894736842,0.4861111111111111,1.0
0,0.9370229007633588,0.9800399201596808,0.9609326859782008,0.0117364522111998,0.9609326859782008,0.9703557312252964,0.9439656718485524,0.0097582993437514,0.0178140886729574,0.0,0.16666666666666666,0.5
0,0.8487394957983194,0.9285714285714286,0.8938120702826585,0.0227306829265157,0.8938120702826585,0.9243697478991598,0.8529411764705883,0.0336134453781514,0.0467964137327792,0.0294117647058823,0.4305555555555556,1.0
0,0.8066361556064073,0.9187643020594964,0.8651315789473685,0.0297335714750333,0.8651315789473685,0.9038901601830664,0.8138825324180013,0.0438192254830624,0.061046594167921,0.1111111111111111,0.3333333333333333,1.0
1,0.8250000000000001,0.9666666666666668,0.9067063492063492,0.0294817202453155,0.9067063492063492,0.9533333333333333,0.8516666666666667,0.0501354724468243,0.0626029654036243,0.16,0.6527777777777778,0.75
1,0.9243646110079232,0.9765887949128756,0.9543722807820914,0.0173235244428577,0.9543722807820914,0.9668740624154638,0.9371056508269008,0.0130142411748881,0.0182572893573257,0.0,0.06944444444444445,1.0
1,0.9691024045157076,0.9871942951840508,0.9759143893685284,0.0070635327809941,0.9759143893685284,0.9726747566210217,0.9714559004699448,0.0033251060175248,0.0045789842043377,0.1666666666666666,0.041666666666666664,1.0
0,0.8624808328625616,0.9753137120693588,0.9335074709297376,0.0341502252796362,0.9335074709297376,0.971501295395664,0.8732834075055789,0.0398883460669981,0.0666641216124721,0.0588235294117647,0.19444444444444445,1.0
0,0.8487394957983194,0.9663865546218487,0.917717086834734,0.0247109740373862,0.917717086834734,0.953781512605042,0.8641456582633054,0.0385406922357341,0.0601296914914523,0.0,0.625,1.0
1,0.88,0.9643387815750372,0.9316312341481804,0.0253100812632085,0.9316312341481804,0.9586410635155096,0.8925957940952101,0.0285777127461609,0.0427966908160097,0.0555555555555555,0.20833333333333334,0.5
0,0.8697478991596639,0.9369747899159664,0.8971693940734189,0.0181191803482277,0.8971693940734189,0.9117647058823528,0.8725490196078431,0.0161369193154033,0.0278240586471176,0.05,0.2361111111111111,0.5
0,0.7780320366132722,0.9290617848970252,0.8688248754879526,0.0340567833164453,0.8688248754879526,0.8958810068649885,0.8199847444698704,0.0306636155606406,0.0578397119970243,0.1052631578947368,0.2222222222222222,0.75
1,0.9163165566320844,0.9826674635648937,0.95718590069419,0.0207637184876391,0.95718590069419,0.9733151183970856,0.9308431693026474,0.0167098774291123,0.0279050061359347,0.0,0.1111111111111111,0.5
0,0.8077803203661327,0.914187643020595,0.8553071642316493,0.0265115211612369,0.8553071642316493,0.8913043478260869,0.8150266971777268,0.0412194507432602,0.0482304382190218,0.0714285714285714,0.3472222222222222,0.5
0,0.8451906659077973,0.9362549800796812,0.893827288249599,0.0243447597071847,0.893827288249599,0.9260102447353444,0.8544868146461772,0.0353690435573751,0.0450038966547959,0.0434782608695652,0.2777777777777778,0.5
0,0.8587018262560889,0.9591079496299144,0.9084231135623924,0.0311021475541581,0.9084231135623922,0.939846649460259,0.8718214343351939,0.0340031920951591,0.0411198329694915,0.0,0.1527777777777778,1.0
0,0.8416666666666667,0.925,0.8880555555555555,0.0225294647983739,0.8880555555555555,0.92,0.8444444444444444,0.0353356890459364,0.0503447170113836,0.2222222222222222,0.7083333333333334,1.0
1,0.7768878718535469,0.954233409610984,0.9026786916139454,0.0473576943095149,0.9026786916139454,0.9439359267734554,0.8218916857360794,0.0446841855888033,0.0936894277425817,0.0,0.19444444444444445,1.0
0,0.7690909090909092,0.9081818181818182,0.8575568181818182,0.034395557964852,0.8575568181818183,0.895909090909091,0.8099999999999999,0.0437445319335082,0.0570377184912605,0.0,0.18055555555555555,0.5
1,0.75556525534701,0.8728357340317183,0.8023648837703836,0.0300686228265253,0.8023648837703834,0.8432998690528153,0.7602211552451622,0.0497488752945658,0.053941002252615,0.037037037037037,0.3333333333333333,0.75
0,0.9399782434580948,0.9725424231929948,0.960550678166334,0.0129484116529436,0.960550678166334,0.965983218879375,0.9540687139649364,0.0056397042599371,0.0067710211523368,0.1666666666666666,0.041666666666666664,0.75
0,0.9272224151772752,0.956084988463503,0.9465206149111486,0.0134540427022297,0.9465206149111488,0.9474024085170748,0.943332490393697,0.0009311820966513,0.003373938967534,0.0,0.013888888888888888,0.75
1,0.9094512463665992,0.967485007496252,0.9467761172329484,0.0165872636633026,0.9467761172329484,0.9578810650338622,0.9281760289194296,0.011660836295692,0.0198406005739277,0.0,0.09722222222222222,0.5
1,0.8199775533108867,0.9115600448933784,0.8761263427930095,0.0318779020771774,0.8761263427930094,0.882267115600449,0.8496820052375608,0.0069845264472834,0.0306457406879807,0.0,0.05555555555555555,0.25
1,0.8020594965675056,0.9027459954233408,0.8564953353282873,0.0298873235095451,0.8564953353282873,0.8981693363844393,0.808924485125858,0.047500815087904,0.0571277579601005,0.0,0.3194444444444444,1.0
0,0.7490178961152334,0.920413211115961,0.8320329550414666,0.0384528888569726,0.8320329550414666,0.8619234686454241,0.7784567631795914,0.0352907703952631,0.0665340377597135,0.0,0.18055555555555555,0.5
0,0.686307519640853,0.7968574635241302,0.7485895997007108,0.0306551277917155,0.7485895997007109,0.7805836139169473,0.7027310138421251,0.0418448530635011,0.063195665286721,0.0,0.16666666666666666,0.5
0,0.9437236711033232,0.9788256382806568,0.9677070163501784,0.0103903903579558,0.9677070163501784,0.9723379787063028,0.9572539544924412,0.0047740772692641,0.0108605442043445,0.0,0.08333333333333333,0.75
0,0.9427132478508784,0.960109660112608,0.9530254403593558,0.0091363912994338,0.9530254403593558,0.9427132478508784,0.9530254403593558,0.0108793396184925,0.0,0.0,0.0,0.75
1,0.6872727272727273,0.9477272727272728,0.8522898799313894,0.0560394865118091,0.8522898799313895,0.9390909090909092,0.7198484848484847,0.0969096349491321,0.168485672826194,0.0363636363636363,0.7222222222222222,1.0
0,0.8693904889484261,0.9460641399416908,0.9161432907325864,0.0182998614580073,0.9161432907325864,0.941944847605225,0.8776724428032144,0.0277721560568378,0.042892753374999,0.0294117647058823,0.4305555555555556,0.75
0,0.9170664954723612,0.9463618454314588,0.9342099083401748,0.0130298949208618,0.9342099083401748,0.9373629346518468,0.9263101393099724,0.0033693866882907,0.0084920009759422,0.0,0.027777777777777776,0.5
1,0.8745537253506246,0.983711562038682,0.9390172645991572,0.0316015897409132,0.9390172645991572,0.9624244204548236,0.8908504405135419,0.0246204298976458,0.0526451436363796,0.0666666666666666,0.16666666666666666,1.0
0,0.8403361344537815,0.915966386554622,0.8867162249515191,0.0195088615040678,0.8867162249515191,0.907563025210084,0.8473389355742298,0.0232369629829776,0.0454164207387157,0.1034482758620689,0.3611111111111111,0.5
1,0.8183333333333334,0.9166666666666666,0.8848809523809524,0.027099565437225,0.8848809523809524,0.9083333333333332,0.8444444444444446,0.026156808072761,0.0467656440028453,0.0666666666666666,0.16666666666666666,0.25
1,0.8167330677290836,0.954467842914058,0.8843631684442355,0.0342995480159129,0.8843631684442353,0.9203187250996016,0.8336179093151204,0.0398469744546067,0.0590754575659221,0.1153846153846153,0.3194444444444444,0.75
0,0.7047839882841104,0.8456187454234807,0.788844479700594,0.0454804451965982,0.788844479700594,0.8296314376372956,0.707957041737857,0.0504016865493915,0.1080803791340388,0.0,0.2916666666666667,0.75
0,0.8045454545454546,0.8968181818181818,0.8376573426573426,0.0244166416244708,0.8376573426573426,0.8495454545454546,0.8112121212121212,0.0140920959920422,0.0320767920380567,0.0,0.1388888888888889,0.25
0,0.7871853546910755,0.9050343249427918,0.8571114240450625,0.0278035839604034,0.8571114240450625,0.88558352402746,0.8054919908466819,0.0326759425267039,0.0620947036870384,0.037037037037037,0.3333333333333333,0.5
0,0.9433237271853988,0.9722772277227724,0.9568895934224076,0.0082060837035093,0.9568895934224076,0.9655850540806292,0.9448377935970383,0.0090461121757997,0.0126745819696668,0.0,0.18055555555555555,0.5
1,0.9157916841663168,0.9701890989988876,0.9443122234218996,0.0140530185167577,0.9443122234218996,0.9654638034093423,0.9188852530412198,0.0221508487804596,0.0272939081357573,0.0,0.5833333333333334,1.0
0,0.9014055394791236,0.9595159515951596,0.9344372039149804,0.0172498157307342,0.9344372039149804,0.9540581929555896,0.9040979096687268,0.0207794936361753,0.0330037691661114,0.0,0.3055555555555556,0.5
0,0.8823529411764707,0.9411764705882354,0.9050420168067228,0.0177379722117508,0.9050420168067228,0.9117647058823528,0.8865546218487395,0.0074005550416279,0.0206378986866793,0.0,0.09722222222222222,0.25
1,0.9456266867230014,0.9820353779002988,0.9620721178621828,0.0144320324929746,0.9620721178621828,0.9683323517419472,0.9465909663967804,0.0064859297399451,0.0162219844802134,0.0,0.06944444444444445,1.0
0,0.8986335926003785,0.9756253423406976,0.9517834735023428,0.0230677624911679,0.9517834735023428,0.9739804055593532,0.91622984551544,0.0230525998522991,0.0380657114432108,0.0,0.16666666666666666,1.0
1,0.9287930464142722,0.9809235254433308,0.956641107704178,0.017292750098153,0.9566411077041778,0.9629369016716236,0.939547936454079,0.0065595604207751,0.0180289737489614,0.0,0.06944444444444445,0.5
1,0.9331216511212542,0.9710863279636516,0.9505159057803552,0.0111437474389657,0.9505159057803552,0.954914703493095,0.9372434804093466,0.0046171166678351,0.0140615646973928,0.0,0.09722222222222222,0.25
0,0.7622727272727272,0.9318181818181818,0.8740615835777127,0.0392580878094632,0.8740615835777127,0.9190909090909092,0.7934848484848485,0.0502236432175184,0.0966410692303184,0.0,0.3888888888888889,0.5
0,0.8009153318077803,0.8913043478260869,0.8575133485888634,0.0233879730050297,0.8575133485888634,0.8775743707093822,0.8230358504958047,0.0231239284301227,0.041031227305737,0.0,0.16666666666666666,1.0
1,0.888286395318625,0.9826911781246488,0.9586215666361771,0.0310152796104289,0.958621566636177,0.9784845882953176,0.9313303248148652,0.0205079330408125,0.0288803561029889,0.1111111111111111,0.08333333333333333,0.5
0,0.9497098646034816,0.9790628115653042,0.9654838268269236,0.0132201110122186,0.9654838268269236,0.959921798631476,0.960957498580797,0.0057775131867326,0.0046991602458161,0.0,0.013888888888888888,0.5
1,0.8793830932634947,0.9514040448130364,0.9115670013094718,0.0208609570173361,0.9115670013094718,0.9239051360395752,0.8893738784616131,0.0134440991819393,0.0246461425770729,0.0,0.09722222222222222,0.25
1,0.921875,0.9870722433460076,0.958790923024552,0.014454907684535,0.958790923024552,0.9803625377643505,0.9314188588733868,0.0222484864411118,0.0289619325995456,0.0285714285714285,0.4444444444444444,1.0
0,0.9199149539333806,0.9657738095238096,0.9496157415653674,0.0126049336732599,0.9496157415653674,0.9565217391304348,0.9341544235778024,0.0072460644995516,0.0164152912851656,0.0,0.1111111111111111,0.5
0,0.83739982190561,0.9237721021611004,0.8987710052411981,0.025718710654682,0.8987710052411981,0.9176424668227948,0.8641515057607645,0.0207788170169789,0.0392751232846389,0.0,0.1111111111111111,1.0
1,0.9115168539325844,0.9679343773303504,0.9430131360993826,0.0170458457411722,0.9430131360993826,0.9657738095238096,0.9175533134804,0.0238483121195026,0.0273678186820286,0.0416666666666666,0.2916666666666667,0.75
0,0.963617510481944,0.9758480573437428,0.97147123037174,0.0056949612010851,0.9714712303717398,0.9709275915326612,0.9700122880477388,0.0005597602644194,0.0015029149721432,0.2,0.027777777777777776,0.25
0,0.860909090909091,0.8986363636363636,0.8780681818181818,0.0119923069922865,0.8780681818181818,0.8977272727272727,0.8618181818181818,0.0221411659307608,0.0186793808373064,0.0,0.18055555555555555,1.0
0,0.8077803203661327,0.8890160183066361,0.8386727688787186,0.02209749189454,0.8386727688787186,0.8569794050343249,0.8146453089244851,0.0215924426450741,0.0290657439446367,0.0555555555555555,0.20833333333333334,0.5
0,0.8333924140375754,0.9497071298727532,0.9292002257651848,0.0258768206085858,0.9292002257651848,0.946266854497887,0.8823663276979575,0.018199870221458,0.0517054126194762,0.0,0.2361111111111111,1.0
1,0.9571150097465888,0.9989827060020346,0.9768415804909184,0.0115068045176286,0.9768415804909184,0.9889224572004028,0.9599297589325396,0.0122912785846593,0.0174639320751338,0.0,0.19444444444444445,0.5
1,0.9067742697711616,1.0,0.9507211485653704,0.0288125803497906,0.9507211485653704,0.9850722691730512,0.9124885980672022,0.0354904818798414,0.0410394487977177,0.0,0.19444444444444445,1.0
1,0.8685258964143426,0.9823562891291976,0.936560378694282,0.024116902809214,0.936560378694282,0.9715424018212864,0.8867387592487194,0.0366668121698896,0.0546499676424682,0.0238095238095238,0.5416666666666666,1.0
1,0.7916768367097877,0.8858921161825727,0.8354283622162558,0.0249151029253342,0.835428362216256,0.859043202343178,0.8014807582784153,0.0278728078072668,0.0414776892776819,0.0,0.2361111111111111,0.75
0,0.9173700577521102,0.9646827992151732,0.9484511554458273,0.0189076190977874,0.9484511554458273,0.959037711313394,0.9358640858309952,0.0110999923009282,0.0133598342136244,0.0,0.041666666666666664,0.25
0,0.8933241569167241,0.9614814814814816,0.9321152731861772,0.0186392535210352,0.9321152731861772,0.9488304093567252,0.904819234391141,0.0177731194746148,0.0297191202870223,0.0,0.19444444444444445,0.5
0,0.9368808626282108,0.9755362848014606,0.9597769755092632,0.0132685615688655,0.9597769755092632,0.9668868180584456,0.94844106304959,0.0073804703995777,0.0118811500893625,0.0,0.05555555555555555,1.0
1,0.8403361344537815,0.953781512605042,0.9149967679379444,0.0248520142977731,0.9149967679379444,0.9495798319327732,0.8683473389355743,0.0370948171260182,0.0523168005799553,0.037037037037037,0.3333333333333333,0.75
1,0.8727934358543711,0.99764028316602,0.9524637079422492,0.0289917990577911,0.9524637079422492,0.9822405985430204,0.9030210568983854,0.0307818517806125,0.0532935133510624,0.0,0.25,1.0
0,0.7951945080091534,0.8844393592677345,0.8457665903890159,0.0314815154214297,0.8457665903890159,0.8752860411899314,0.8096872616323417,0.0343039489429598,0.0435884439939177,0.0,0.09722222222222222,0.25
1,0.920591760130246,0.9620778883191152,0.945296062303498,0.0165504070407646,0.945296062303498,0.9429152094865322,0.9351468252338808,0.0025218076520734,0.0107945177563021,0.0,0.027777777777777776,0.75
1,0.7810593116914816,0.8763729558213328,0.8342842323651453,0.0300136275262679,0.8342842323651454,0.8675860385648035,0.7911073142950126,0.0391355401977392,0.0531280209483707,0.0,0.18055555555555555,0.75
0,0.889041095890411,0.9551140544518028,0.9329075722114184,0.0196291910458508,0.9329075722114184,0.9516129032258064,0.894998592741508,0.0198515550859676,0.0414780366703198,0.0,0.20833333333333334,0.5
0,0.8572470373746582,0.9411529223378704,0.917510964682426,0.0208101728133669,0.917510964682426,0.935907643312102,0.8659656057358912,0.01985161749248,0.0578032364444738,0.0,0.3888888888888889,1.0
1,0.7761776909934098,0.8872345618745424,0.8392039907249207,0.0307884778718291,0.8392039907249207,0.8658774713204784,0.7898869091204949,0.0312870454453953,0.0605455246347585,0.0,0.18055555555555555,0.75
0,0.9451425122315018,0.9499556665188884,0.946840176661354,0.0027017189446874,0.946840176661354,0.9451425122315018,0.9468401766613542,0.0017945876987337,2.3451117770264153e-16,0.0,0.0,0.75
0,0.8823529411764707,0.9369747899159664,0.9051120448179272,0.0158630129838751,0.9051120448179272,0.9243697478991598,0.8823529411764707,0.0210526315789475,0.0254652301665033,0.0769230769230769,0.3194444444444444,0.75
0,0.9010746861735754,0.979886863607794,0.9555563752267984,0.0310942452749819,0.9555563752267984,0.9660353975446344,0.9437035931189804,0.0109066061442618,0.0124814741587392,0.0,0.027777777777777776,0.25
0,0.9036255162918772,0.965669445806768,0.9361485276940694,0.0199914188972957,0.9361485276940694,0.9600195026816188,0.9069635304635998,0.0251781219861825,0.0316692597189584,0.0,0.2222222222222222,1.0
0,0.7937149270482604,0.8114478114478114,0.7997755331088664,0.0101109814855713,0.7997755331088664,0.7937149270482604,0.7997755331088664,0.0076067051697421,0.0,0.0,0.0,1.0
0,0.74762020990969,0.818769831584086,0.7827221137417623,0.0243993793031606,0.7827221137417623,0.8002196729314132,0.7608819461394516,0.022107647087168,0.0282976291264631,0.0,0.06944444444444445,0.25
1,0.8679444489563877,0.9822610294117649,0.9348943091337742,0.0305859567130633,0.9348943091337742,0.9657945867787266,0.8867556405691269,0.0325148189284469,0.0528517222230301,0.0,0.18055555555555555,1.0
0,0.8719408081957882,0.9203187250996016,0.900243183111709,0.0170177215818947,0.900243183111709,0.9146272054638588,0.8787706317586795,0.015851294332307,0.0241398365471309,0.0,0.1111111111111111,0.25
0,0.9273491375628534,0.960353124336565,0.9420477026023022,0.0149311825446587,0.9420477026023024,0.9327884158251376,0.935945895357548,0.0098774358848293,0.0064982194309747,0.0,0.013888888888888888,0.5
0,0.9421623873274476,0.9581607437044012,0.9499472873101716,0.0087818237311665,0.9499472873101716,0.9425495586745768,0.947209468512095,0.007817956105227,0.0028862336121402,0.2,0.027777777777777776,1.0
1,0.8924425887265136,0.9853856438154074,0.9549111679875232,0.0264469314760562,0.9549111679875232,0.982306172158647,0.9105321285196588,0.0282828401371389,0.0475801537907465,0.0,0.2222222222222222,0.75
1,0.8618577075098813,0.963756906077348,0.9274204109203734,0.0278033294974477,0.9274204109203734,0.961207846594666,0.873481842736767,0.0357798688438014,0.0599017165690941,0.0,0.3333333333333333,0.5
0,0.8783496384517226,0.966488814003557,0.9397788766459636,0.023259946266431,0.9397788766459636,0.9600185960018596,0.8937430509061141,0.0213072389528838,0.0502157351358341,0.1666666666666666,0.375,1.0
0,0.9278055754110078,0.9600591715976332,0.9449782412192964,0.0104431882143819,0.9449782412192962,0.9579335793357934,0.9309240553983156,0.0136163304852644,0.0149839209070978,0.0625,0.18055555555555555,0.75
1,0.8916377019014518,0.9815440018005852,0.9503632137083186,0.0175462365642863,0.9503632137083188,0.9736548336682296,0.9094118710558348,0.0242114360534918,0.0440390270715741,0.0476190476190476,0.5416666666666666,0.75
1,0.907563025210084,0.96218487394958,0.9336734693877552,0.0172049438838653,0.933673469387755,0.9579831932773109,0.9089635854341735,0.025702046644455,0.0268201313860686,0.0,0.3472222222222222,1.0
0,0.8181818181818182,0.9045454545454544,0.879090909090909,0.0237838803268145,0.8790909090909089,0.8990909090909092,0.8384848484848485,0.0224948875255626,0.0472829922371204,0.0,0.16666666666666666,1.0
0,0.9064969271290604,0.9619863970930774,0.940631190598622,0.0143883251307737,0.940631190598622,0.9609120521172638,0.9154075395474756,0.0213309495814311,0.0271800912787642,0.0555555555555555,0.4583333333333333,1.0
1,0.9397129186602872,0.982,0.9661348702652708,0.0117272603824499,0.9661348702652708,0.9790628115653042,0.949459438667925,0.0132921619440418,0.0174101912075865,0.0,0.18055555555555555,0.5
1,0.9470899470899472,0.9929399899142716,0.9762454446060682,0.0124298052879849,0.9762454446060682,0.988950276243094,0.956179935138082,0.0129298384911361,0.0207671765009037,0.0,0.20833333333333334,0.5
0,0.7326092262631194,0.8320722479863316,0.7817183304857214,0.029166290347871,0.7817183304857213,0.8063216988040028,0.7401350581726467,0.0309858289016629,0.0546481975504006,0.0,0.16666666666666666,0.5
0,0.8939540551195213,0.9637399787501209,0.9415282692016816,0.0248960896946007,0.9415282692016816,0.9541916110399172,0.9173653445667878,0.0133599293547757,0.0259971032832902,0.1111111111111111,0.08333333333333333,0.5
0,0.8335515786410591,0.9473301324021532,0.8778775169377336,0.0312308345566042,0.8778775169377337,0.9207042048595956,0.8344245598719627,0.0476227322927143,0.0507538449602667,0.0416666666666666,0.2916666666666667,0.75
1,0.8683333333333333,0.9416666666666668,0.911969696969697,0.0246961330960737,0.911969696969697,0.9333333333333332,0.8783333333333333,0.0231546103949419,0.0375761679079215,0.0,0.1111111111111111,0.75
0,0.8830047081312612,0.975060589476976,0.9401863613042336,0.0308040142706111,0.9401863613042336,0.969960920031886,0.8871922568819213,0.0311751444703526,0.0580001362551937,0.0555555555555555,0.20833333333333334,1.0
1,0.758361391694725,0.9306397306397308,0.8216450216450217,0.0571128180350886,0.8216450216450218,0.8942760942760944,0.763823419378975,0.0846554913942927,0.072939455330567,0.0,0.1527777777777778,0.75
0,0.8157894736842105,0.879862700228833,0.8512585812356979,0.0199351273580426,0.851258581235698,0.8741418764302059,0.8203661327231121,0.0265251989389919,0.0369609856262834,0.0,0.16666666666666666,0.75
0,0.7911212293682414,0.9220261809903244,0.8831815594763802,0.0373232366742197,0.8831815594763801,0.915196357427433,0.8201479795105294,0.0356040826014715,0.074012196140673,0.1111111111111111,0.20833333333333334,0.75
0,0.9067405355493998,0.9742063492063492,0.9460535516693442,0.0169846872733911,0.9460535516693442,0.9618021547502448,0.9195658571511948,0.0165092182054537,0.0283956035115385,0.0,0.2222222222222222,0.75
0,0.920954162768943,0.9647231749142576,0.9451131802037064,0.0162074261682816,0.9451131802037066,0.9609565641776476,0.9273377265180494,0.0166241387762894,0.018986296112594,0.0,0.09722222222222222,0.75
0,0.7816695142787405,0.8381742738589213,0.8220801806199659,0.0176722853477062,0.8220801806199659,0.8282889919453259,0.8081929867382639,0.0075241484494153,0.0170366465691212,0.0,0.06944444444444445,0.25
